,id,label,parent_label,description,smirks
0,RXNO:0000451,aldehyde Sakurai reaction,"Sakurai reaction, aldehyde or ketone",A carbon-carbon coupling reaction in which an aldehyde reacts with allyltrimethylsilane to form a homoallylic alcohol.,
1,RXNO:0000026,Beckmann rearrangement,rearrangement step,A rearrangement where an oxime rearranges to form an amide. Often there is selective migration of one group.,
2,RXNO:0000447,Duff reaction,formylation,Formylation of a phenol or aromatic amine with hexamethylenetetramine in acidic conditions.,
3,RXNO:0000061,Mukaiyama aldol condensation,aldol condensation,An aldol condensation between an aldehyde or ketone and a silyl enol ether (also known as a ketene silyl acetal) to give a beta-hydroxy carbonyl compound.,
4,RXNO:0000193,Hiyama coupling,carbon-carbon coupling reaction,A carbon-carbon coupling reaction where an organosilane reacts with an organic halide or triflate. It is catalysed by a palladium or nickel complex.,
5,RXNO:0000186,Willgerodt-Kindler reaction,functional group modification,The conversion of an aryl alkyl ketone to an amide using sulfur and dry ammonia or a primary or secondary amine. The amide carbonyl group is always at the end of the alkyl chain.,
6,RXNO:0000474,Auwers synthesis,ring expansion,Ring expansion of a 2-bromo-2-(alpha-bromobenzyl)-1-benzofuran to a flavonol in alcoholic alkali.,
7,RXNO:0000273,retro-Diels-Alder reaction,ring breaking,"The reverse of a [4+2] cycloaddition reaction, in which an unsaturated six-membered ring compound fragments to give a diene and a compound containing a double or triple bond (a dienophile).",
8,RXNO:0000003,Perkin reaction,aldol condensation,An aldol condensation where an aryl aldehyde reacts with an acid anhydride to form a cinnamic acid.,[c:1][C:2](=O)O>>[c:1][C:2]=C(=O)O
9,RXNO:0000330,acetate protection,hydroxyl group protection,A hydroxyl group protection where the hydroxyl oxygen atom is protected by formation of an acetate ester.,
10,RXNO:0000032,Mannich reaction,molecular skeleton joining reaction,"A carbon-carbon coupling reaction where ammonia or an amine reacts with a non-enolisable aldehyde, often methanal, and an enolisable carbonyl compound to form a beta-amino carbonyl compound.",[N:1].[C:2]=O.[C:3][C:4](=O)[C:5]>>[N:1][C:2][C:3][C:4](=O)[C:5]
11,RXNO:0000470,Allan-Robinson flavone synthesis,Allan-Robinson reaction,Reaction of ortho-hydroxyaryl ketones with aromatic carboxylic acid anhydrides to yield a flavone.,
12,RXNO:0000484,deprotection objective,functional modification objective,A functional modification objective that is satisfied by deprotecting some functional group.,
13,RXNO:0000157,Nef reaction,functional group modification,"The conversion of a primary nitroalkane or secondary nitroalkane to an aldehyde or ketone, respectively.",
14,RXNO:0000023,Koerner-Contardi reaction,aromatic substitution step,An aromatic substitution reaction where an aryl diazonium salt reacts with a copper(II) halide to form an aromatic halide.,
15,RXNO:0000277,hydroalumination,hydrometallation,"The reaction of an aluminium alkyl with an alkene, to give an intermediate aluminium species that can give various products after work-up.",
16,RXNO:0000404,oxa-Pictet-Spengler reaction,fused-ring-system formation,"Cyclisation-condensation of a beta-arylethanol with an aldehyde to yield an ortho-,peri-fused aryl-oxacycle.",
17,RXNO:0000460,intramolecular acyloin condensation,acyloin condensation,A reductive coupling reaction between two ester groups in the same molecule to give an acyloin (an alpha-hydroxyketone).,
18,RXNO:0000525,Castro-Stephens coupling,molecular skeleton joining reaction,Palladium-catalysed coupling of copper(I) acetylides with aryl halides to yield arylacetylenes.,
19,RXNO:0000100,Cadiot-Chodkiewicz coupling,molecular skeleton joining reaction,A coupling reaction between a terminal alkyne and an alkynyl halide catalysed by Cu(I) salts.,
20,RXNO:0000338,amide reduction to amine,reduction,A reduction process where an amide is transformed into an amine.,
21,RXNO:0000374,Chan-Lam coupling,functional group oxidation,"Arylation of an amine or an alcohol with an arylboronic acid, stannane or siloxane in air with a copper acetate catalyst.",
22,RXNO:0000536,Parham cyclisation,fused-ring-system formation,Reaction of a bromoarene that has an electrophilic group at the para-position with lithium bromide or lithium iodide followed by intramolecular cyclisation to yield a fused-ring system.,
23,RXNO:0000155,Finkelstein reaction,functional group modification,"The conversion of an alkyl chloride, alkyl bromide or alkyl sulfonate ester to an alkyl iodide by SN2 substitution. The reaction relies upon the equilibrium being pushed to completion by the precipitation.",
24,RXNO:0000311,Tsuji-Trost reaction,allylation,"A carbon-carbon coupling reaction in which a nucleophile reacts with an allyl acetate, allyl halide, allyl carbonate, allyl carbamate, allyl phosphate, allyl sulfone or allyl nitro compound to give an allyl compound. The reaction is catalsed by Pd(0).",
25,RXNO:0000195,"Stevens rearrangement, ammonium",Stevens rearrangement,"The 1,2-rearrangement of an alpha-methylene ammonium salt to an amine in the presence of strong base.",
26,RXNO:0000270,copper(I)-catalyzed azide-alkyne cycloaddition,[3+2] cycloaddition,"A [3+2] cycloaddition reaction between an azide and an alkyne to give a 1,2,3-triazole as a single regioisomer.",
27,RXNO:0000381,Tiffeneau-Demjanov rearrangement,rearrangement step,Rearrangement of a beta-amino alcohol to yield a carbonyl compound. In the first step the amine is diazotised by reaction with nitrous acid.,
28,RXNO:0000129,Ugi reaction,molecular skeleton joining reaction,"Reaction of a ketone or aldehyde, amine, an isocyanide and carboxylic acid to form a bisamide.",
29,RXNO:0000046,Friedel-Crafts alkylation,Friedel-Crafts reaction,A carbon-carbon coupling reaction between an arene and an alkyl halide/alkene/alcohol (anything that can form a carbocation) to give a substituted arene. The reaction is catalysed by a Lewis acid.,
30,RXNO:0000455,functional reduction objective,functional group modification objective,A functional group modification objective that is satisfied by a reaction in which a functional group is reduced.,
31,RXNO:0000238,Katritzky pyrylium-pyridinium method,substitution step,The substitution of an amine with a nucleophile using a pyrylium salt.,
32,RXNO:0000352,heteroaryl reduction to saturated heterocycle,hydrogenation,A hydrogenation reaction where a heteroaryl is reduced to a saturated heterocycle.,
33,RXNO:0000454,end-of-chain chain shortening objective,molecular skeleton cleaving objective,A molecular skeleton transformation objective that is satisfied by a reaction in which a single skeletal atom is removed from the end of a chain.,
34,RXNO:0000280,alkene metathesis,multiple-bond metathesis,"A joining reaction in which two carbon-carbon double bonds are redistributed among two fragments, i.e. two alkenes. It is typically catalysed by a metal carbenoid, and proceeds via two four-membered intermediates (metallacyclobutanes). The reaction is driven by release of a low-MW alkene.",
35,RXNO:0000166,Hofmann elimination,molecular skeleton elimination reaction,The elimination of a methylated amine from an alkylamine to form an olefin. The reaction proceeds via the quaternary ammonium salt.,N1[C:2][C:3][C:4][C:5][C:6]1[C:7]>>[C:2]=[C:3][C:4][C:5][C:6]=[C:7]
36,RXNO:0000208,aromatic Claisen rearrangement,"[3,3]-sigmatropic rearrangement","The [3,3]-sigmatropic rearrangement, and subsequent re-aromatisation, of an allyl aryl ether to give an ortho-allyl phenol.",
37,RXNO:0000465,fused-ring-system formation objective,molecular ring formation objective,A molecular transformation objective that is satisfied by a reaction in which a fused ring system is present in a product that was not present in any of the reactants.,
38,RXNO:0000113,Brook rearrangement,rearrangement step,"The rearrangement of an alpha-, beta- or gamma-hydroxy silane to give a silyl ether. It is catalysed by a base.",
39,RXNO:0000168,Weerman reaction,end-of-chain chain shortening,"The degradation of an alpha-hydroxy amide or an alpha,beta-unsaturated amide to the lower homologue aldehyde, especially in carbohydrate chemistry. The process proceeds via Hofmann degradation.",
40,RXNO:0000494,Bartoli indole synthesis,indole synthesis,Reaction of an ortho-substituted nitroarene with a vinyl Grignard reagent to yield a 7-substituted indole.,
41,RXNO:0000462,molecular extrusion objective,molecular skeleton cleaving objective,A molecular transformation objective that is satisfied by a cleaving reaction in which a skeletal atom or group of atoms is removed from the middle of a molecule.,
42,RXNO:0000481,Myers-Saito cyclisation,ring formation reaction step,Cyclization of a enynyl allene to yield a toluene biradical with radical centres on the methyl group and at the meta position.,
43,RXNO:0000551,reductive imination,imination,A functional group modification where a carbonyl oxygen is replaced by an imine.,
44,RXNO:0000355,allylic oxidation,oxidation,An oxidation reaction where an allylic C-H bond is replaced by a C=O bond.,
45,RXNO:0000546,Sandmeyer isonitrosoacetanilide isatin synthesis,indole synthesis,"Reaction of aniline, hydroxylamine and chloral hydrate to form an aniline intermediate followed by cyclization in acid and hydrolysis to yield isatin.",
46,RXNO:0000509,Cadogan indole synthesis,indole synthesis,A Cadogan cyclization that results in an indole.,
47,RXNO:0000216,imine Sakurai reaction,Sakurai reaction,A carbon-carbon coupling reaction in which an imine reacts with allyltrimethylsilane to form a homoallylic amine.,
48,RXNO:0000271,Fischer-Tropsch process,molecular skeleton joining reaction,A process in which carbon monoxide and hydrogen ('syngas') are converted into various liquid hydrocarbons.,
49,RXNO:0000509,Cadogan indole synthesis,Cadogan cyclization,A Cadogan cyclization that results in an indole.,
50,RXNO:0000511,Madelung indole synthesis,indole synthesis,Reaction of an N-(2-alkylphenyl)alkanamide with strong base to form an indole.,
51,RXNO:0000233,Achmatowicz rearrangement,ring rearrangement,"A rearrangement of a furfuryl alcohol derivative to a dihydropyranone, from which monosaccharides may be synthesised.",
52,RXNO:0000516,Bergmann degradation,terminal amino-acid residue cleaving reaction,"Removal of a terminal amino acid residue from a peptide by benzoylation, azidation, treatment with benzyl alcohol, hydrogenation and hydrolysis.",
53,RXNO:0000527,Chichibabin reaction,amination,Reaction of an azacycle with an alkali-metal amide to yield an aminated azacycle.,
54,RXNO:0000363,amide to imidoyl chloride conversion,functional group modification,A functional group modification where an amide is converted to an imidoyl chloride.,
55,RXNO:0000258,Simmons-Smith reaction,ring formation reaction step,A ring formation reaction where an alkene reacts with a dihalomethane in the presence of a metal atom or metal complexes to form a cyclopropane. The traditional reaction uses a zinc-copper couple and diiodomethane.,
56,RXNO:0000535,Bradsher reaction,fused-ring-system formation,"Reaction of an ortho-acyldiarylmethane, catalysed by acid, to yield an anthracene.",
57,RXNO:0000214,"Sakurai reaction, acid chloride",Sakurai reaction,"A carbon-carbon coupling reaction in which an acid chloride reacts with allyltrimethylsilane to form a gamma,delta-unsaturated ketone.",
58,RXNO:0000242,"Noyori asymmetric hydrogenation, alkene",addition reaction step,The homogeneous asymmetric catalytic hydrogenation of a C=C double bond using a ruthenium(II) BINAP catalyst.,
59,RXNO:0000180,"Elbs persulfate oxidation, tolyl variant",functional group oxidation,The oxidation of a methyl-substituted aromatic compound to the corresponding benzaldehyde using potassium persulfate.,
60,RXNO:0000143,Sharpless asymmetric aminohydroxylation,addition reaction step,"The aminohydroxylation of an alkene to give a beta-amino alcohol, with control of absolute stereochemistry at the two new stereocentres. The oxidising agent is an oxygen-containing osmium species and/or an amino derivative which can be used catalytically with a stoichiometric oxidant and a chiral ligand.",
61,RXNO:0000028,Cope rearrangement,rearrangement step,"A [3,3]-sigmatropic rearrangement where a 1,5-hexadiene rearranges to form a 1,5-hexadiene.",
62,RXNO:0000474,Auwers synthesis,oxacycle synthesis,Ring expansion of a 2-bromo-2-(alpha-bromobenzyl)-1-benzofuran to a flavonol in alcoholic alkali.,
63,RXNO:0000044,Knoevenagel condensation,molecular skeleton joining reaction,A carbon-carbon coupling reaction of an aldehyde and a methylene compound.,
64,RXNO:0000164,Paal-Knorr pyrrole synthesis,Paal-Knorr synthesis,"The cyclisation of a 1,4-dicarbonyl compound with an amine to give a pyrrole.",O=[C:1]-[C:2]-[C:3]-[C:4]=O.[N:5]>>[n:5]1[c:1][c:2][c:3][c:4]1
65,RXNO:0000135,Barton decarboxylation,end-of-chain chain shortening,The decarboxylation of a carboxylic acid to the lower homologue alkane using a pyridine thione.,
66,RXNO:0000368,Crabbé homologation,chain lengthening,"Oxidation of an alkene to an allene by heating with formaldehyde, an amine and an inorganic salt.",[C:1]=[C:2].[C:3]=O>>[C:1]=[C:2]=[C:3]
67,RXNO:0000115,"Nicholas reaction, nucleophilic heteroatom centre",Nicholas reaction,The reaction of a propargylic cation (stabilised with dicobalt octacarbonyl) with a hydride or amine or enamine to give a substituted alkyne.,
68,RXNO:0000418,phthalimide protection,amino group protection,Protection of a primary amino group by reaction with phthalic anhydride.,
69,RXNO:0000099,Eglinton reaction,molecular skeleton joining reaction,A coupling reaction between two molecules of a terminal alkyne using stoichiometric Cu(II) salts.,
70,RXNO:0000286,Luche reduction,functional group reduction,"The chemoselective reduction of an enone to give an allylic alcohol, using sodium borohydride and an lanthanoid chloride, typically cerium chloride.",
71,RXNO:0000507,Krapcho decarboxylation,end-of-chain chain shortening,Reaction of an ester with an electron-withdrawing group alpha- to the ester functionality with a metal halide or pseudohalide to yield the shorter homologous system.,
72,RXNO:0000295,hydrozirconation,hydrometallation,"The reaction of a organozirconium hydride with an alkene or alkyne, to give an intermediate zirconium species that can give various products after work-up. The zirconium reagent used is typically Schwartz's reagent, Cp2ZrHCl.",
73,RXNO:0000343,imine reduction to amine,reduction,A reduction reaction where an imine function is replaced by an amine.,
74,RXNO:0000370,Demko-Sharpless reaction,functional group modification,A functional group modification of a nitrile to a 1H-tetrazole by addition of sodium azide.,"[#6,S,N;H0:1][C:2]#[N:3].[Na+].[N-:4]=[N+:5]=[N-:6]>>[*:1][C:2]1=[N:3][N:4][N:5]=[N:6]1"
75,RXNO:0000514,Chapman rearrangement,rearrangement step,"Rearrangement of an aryl imino ether to yield an N,N-diaryl amide.",
76,RXNO:0000126,Doebner reaction,quinoline synthesis,"The reaction between an aromatic amine, an aldehyde and pyruvic acid on heating to give a quinoline 4-carboxylic acid (cinchoninic acid).",
77,RXNO:0000428,pivaloyl protection,hydroxyl group protection,"Protection of a hydroxy group by reaction with pivaloyl chloride, resulting in formation of a pivaloyl ester.",
78,RXNO:0000492,Bamberger rearrangement,rearrangement step,Rearrangement of an N-phenylhydroxamine in acid to yield a para-aminophenol.,
79,RXNO:0000540,Sugasawa reaction,functional group addition step,Reaction of an aniline with a nitrile in the presence of boron trichloride and a Lewis acid to yield an ortho-acylated aniline.,
80,RXNO:0000153,Johnson-Claisen rearrangement,joining with rearrangement,"The coupling and subsequent [3,3]-sigmatropic rearrangement of an allylic alcohol and trimethyl orthoacetate to give a gamma,delta-unsaturated alkyl ester.",
81,RXNO:0000397,Pechmann pyrazole synthesis,pyrazole synthesis,Reaction of an organic diazo compound with an acetylene to yield a pyrazole.,
82,RXNO:0000096,azo coupling,functional group modification,A coupling reaction of a diazonium salt with a phenol or aniline to give an azo compound.,
83,RXNO:0000080,Peterson olefination,olefination,"A carbon-carbon coupling reaction in which an alpha-silyl carbanion reacts with an aldehyde or a ketone to give an alkene, proceeding via a beta-hydroxysilane. The stereochemistry of the alkene can be controlled by treating the intermediate with acid or base.",
84,RXNO:0000148,Claisen rearrangement,rearrangement step,"The [3,3]-sigmatropic rearrangement of an allyl vinyl ether to give a gamma,delta-unsaturated carbonyl compound.",
85,RXNO:0000285,Luche reaction,carbon-carbon coupling reaction,A carbon-carbon coupling reaction where an aldehyde or ketone reacts with an allyl halide and zinc to give a homoallylic alcohol.,
86,RXNO:0000199,3-aza-Cope rearrangement,aza-Cope rearrangement,"The rearrangement of a 3-aza-1,5-hexadiene to form a delta,epsilon-unsaturated imine.",
87,RXNO:0000389,Seyferth-Gilbert ketone homologation,Seyferth-Gilbert homologation,Reaction of a ketone with a dimethyl diazomethyl phosphonate under basic conditions to yield a terminal alkyne.,
88,RXNO:0000102,Leuckart-Wallach reaction,reductive amination,The reductive amination of ketones or aldehydes with an amine and formic acid to form amines.,
89,RXNO:0000405,Prilezhaev epoxidation,oxacycle synthesis,Epoxidation of an alkene by reaction with a peroxy acid.,
90,RXNO:0000382,Demjanov rearrangement,substitution step,Substitution reaction of a primary amine via deazotisation to yield a mixture of the corresponding primary alcohol and secondary alcohol.,
91,RXNO:0000354,benzylic oxidation,oxidation,An oxidation reaction where a carbon centre bonded to the benzene ring is oxidized to a carboxyl group.,
92,RXNO:0000550,Collins oxidation,alcohol oxidation,Oxidation of a primary alcohol with a pyridine-chromium trioxide complex in dichloromethane to yield an aldehyde.,
93,RXNO:0000086,Henry reaction,carbon-carbon coupling reaction,A carbon-carbon coupling reaction between a nitroalkane and an aldehyde or ketone to give a beta-hydroxy nitroalkane.,
94,RXNO:0000091,Wittig methylenation,Wittig reaction,A carbon-carbon coupling reaction where a carbonyl compound reacts with a phosphonium ylide to give a terminal alkene.,
95,RXNO:0000476,Meyer-Schuster rearrangement,rearrangement step,"Rearrangement of a propargyl alcohol to an alpha,beta-unsaturated carbonyl compound via an allene intermediate to yield the gamma-substituted product.",
96,RXNO:0000054,Curtius rearrangement,rearrangement step,"A rearrangement of an acyl azide to give an isocyanate by pyrolysis, with the elimination of molecular nitrogen.",
97,RXNO:0000505,Mukaiyama-Hoshino method,functional group modification,Reaction of a primary nitro compound with phenyl isocynatate and triethylamine to yield a nitrile oxide.,
98,RXNO:0000304,Julia-Kocienski olefination,olefination,A carbon-carbon coupling reaction between a tetrazole sulfone and an aldehyde or ketone to give a (typically trans) alkene.,
99,RXNO:0000094,Ramberg-Backlund reaction,extrusion reaction,"The reaction of an alpha-halosulfone to give an alkene, with the extrusion of sulfur dioxide.",
100,RXNO:0000169,Dakin reaction,cleaving reaction,The reaction of ortho- or para-phenolic (or ortho- or para-anilinic) aldehydes or ketones with hydrogen peroxide to form bisphenols (or hydroxy anilines) and carboxylic acids.,
101,RXNO:0000192,Buchwald-Hartwig amination,aromatic substitution step,A reaction in which an aryl halide or aryl triflate reacts with a primary or secondary amine in the presence of base to give a secondary or tertiary amine. It is catalysed by a palladium catalyst.,
102,RXNO:0000499,Beirut reaction,ring expansion,"Reaction of a benzofurazan 1-oxide with an enamine or enolate to yield a quinoxaline-1,4-dioxide.",
103,RXNO:0000231,aza-ene reaction,molecular skeleton joining reaction,A joining reaction where an N=C system with an allylic hydrogen reacts with a compound containing a multiple bond (an enophile) to form a substituted alkene.,
104,RXNO:0000329,planned synthesis,planned process,An experimental procedure with the aim of producing a portion of a given compound or mixture.,
105,RXNO:0000048,Prins reaction,molecular skeleton joining reaction,"A carbon-carbon coupling between formaldehyde and an alkene to give a 1,3-diol or an allylic alcohol, catalysed by acid.",
106,RXNO:0000545,Sandmeyer diphenylurea isatin synthesis,indole synthesis,Reaction of diphenylthiourea with lead carbonate and potassium cyanide to form a cyanoformidine followed by ring closure and acid hydrolysis to yield isatin.,
107,RXNO:0000055,Vilsmeier-Haack reaction,carbon-carbon coupling reaction,A formylation of an activated arene with a disubstituted formamide to give an aryl carboxaldehyde.,
108,RXNO:0000261,"[2,3]-Wittig rearrangement",Wittig rearrangement,"A base-mediated 2,3-sigmatropic rearrangement of an allyl ether to give a homoallylic alcohol.",
109,RXNO:0000159,Doebner-Miller reaction,fused-ring-system formation,"The formation of a quinoline from a primary aromatic amine and an alpha,beta-unsaturated carbonyl compound.",
110,RXNO:0000176,Beckmann fragmentation,cleaving reaction,"The cleavage of an oxime to the corresponding nitrile and an alkyl halide. This reaction is related to the Beckmann rearrangement, and occurs when the R group that is anti to the oxime hydroxyl is quaternary.",
111,RXNO:0000160,Fmoc protection,amino group protection,The protection of an amine (often a peptide) as its 9H-fluoren-9-ylmethoxycarbonyl derivative.,
112,RXNO:0000507,Krapcho decarboxylation,decarboxylation,Reaction of an ester with an electron-withdrawing group alpha- to the ester functionality with a metal halide or pseudohalide to yield the shorter homologous system.,
113,RXNO:0000219,crossed Cannizzaro reaction,functional group modification,The reaction between two different non-enolisable aldehydes to give a carboxylic acid and an alcohol. The reaction is base-catalysed.,
114,RXNO:0000450,molecular ring contraction objective,molecular transformation objective,A molecular skeleton transformation objective that is satisfied by a reaction where an existing ring is reduced in size.,
115,RXNO:0000543,Eastwood reaction,molecular skeleton elimination reaction,"Reaction of a 1,2-diol with triethoxymethane under heat to yield an olefin.",
116,RXNO:0000266,Fenton reaction,functional group oxidation,"Either: (a) The oxidation of a 1,2-glycol with Fenton's reagent (hydrogen peroxide and iron salts) to give an alpha-hydroxy aldehyde;  (b) The oxidation of an alpha-hydroxy carboxylic acid with Fenton's reagent to give an alpha-keto carboxylic acid; or (c) the reaction of the components of Fenton's reagent, viz. reduction of hydrogen peroxide by Fe(II) , producing an hydroxyl radical.",
117,RXNO:0000152,Eschenmoser-Claisen rearrangement,"[3,3]-sigmatropic rearrangement","The coupling and subsequent [3,3]-sigmatropic rearrangement of an allylic alcohol and alpha,alpha-dialkoxy ethylamine to give a gamma,delta-unsaturated dialkyl amide.",
118,RXNO:0000436,ethyl ester deprotection,carboxy group deprotection,A deprotection reaction where the reactant is an ethyl ester and the product is a carboxylic acid.,
119,RXNO:0000131,Wacker process,Wacker-Tsuji oxidation,"The oxidation of ethene to acetaldehyde, catalysed by PdCl2 and CuCl2, and using molecular oxygen as the oxidant.",
120,RXNO:0000410,Hofmann rearrangement,end-of-chain chain shortening,Rearrangement of a primary carboxylic amide to an isocyanate.,
121,RXNO:0000548,Sarett primary alcohol oxidation,primary alcohol oxidation to aldehyde,Oxidation of a primary alcohol with a pyridine-chromium trioxide complex to yield an aldehyde.,
122,RXNO:0000419,phthalimide deprotection,amino group deprotection,Conversion of a phthalimide into the corresponding primary amine.,
123,RXNO:0000139,Gattermann reaction,carbon-carbon coupling reaction,The formylation of an arene with hydrogen cyanide to give an aryl aldehyde or ketone.,
124,RXNO:0000483,Baudisch reaction,functional group addition step,Copper-catalysed reaction of benzene with a nitrosylating agent and hydrogen peroxide to form an o-nitrosophenol.,
125,RXNO:0000247,ring-opening metathesis polymerisation,polymerisation reaction,"A joining reaction in which two carbon-carbon double bonds are redistributed among two fragments, i.e. two alkenes. It is typically catalysed by a metal carbenoid, and proceeds via two four-membered intermediates (metallacyclobutanes). The reaction is driven by release of ring strain in the cycloalkene.",
126,RXNO:0000260,"[1,2]-Wittig rearrangement",Wittig rearrangement,"A base-mediated 1,2-sigmatropic rearrangement of an ether to give an alcohol.",
127,RXNO:0000031,Baeyer-Villiger oxidation,molecular skeleton insertion reaction,"A reaction of a ketone to give an ester, in which an alkyl, benzyl or phenyl group migrates from one of the alpha-carbon centres to an adjacent oxygen, displacing an oxygen-based leaving group; the result is a formal insertion of an oxygen atom. The reaction also works with aldehydes, giving the corresponding carboxylic acid. The term ""Baeyer-Villiger rearrangement"" may occasionally be used in a mechanistic sense to refer specificially to the actual rearrangement step.",[C:1][C:2](=O)[C:3]>>[C:1]O[C:2](=O)[C:3]
128,RXNO:0000350,alkyne reduction to alkane,hydrogenation,A hydrogenation reaction where an alkyne is reduced to an alkane.,
129,RXNO:0000229,Ferrier rearrangement,rearrangement step,The rearrangement of an O-alkenyl acetal to give the corresponding beta-alkoxy carbonyl compound.,
130,RXNO:0000534,Bradsher cyclisation,fused-ring-system formation,Diels-Alder reaction of a dienophile with a cationic aromatic azadiene to yield a bridged-ring system.,
131,RXNO:0000356,Jones oxidation,alcohol oxidation,An oxidation reaction where an alcohol is oxidized to the corresponding carbonyl compound by a dichromate ion.,
132,RXNO:0000459,acetoacetic ester synthesis,molecular skeleton joining reaction,A carbon-carbon coupling reaction between a beta-ketoester and an alkyl halide to yield an alpha-alkylated ester.,"C[C:2](=O)[C:1][C:3](=O)OC.[C:4][F,Cl,Br,I]>>C[C:2](=O)[C:1]([C:4])[C:3](=O)OC"
133,RXNO:0000064,Fischer indole synthesis,indole synthesis,Reaction of an aldehyde or ketone with a phenylhydrazine to give an indole.,
134,RXNO:0000099,Eglinton reaction,carbon-carbon homocoupling reaction,A coupling reaction between two molecules of a terminal alkyne using stoichiometric Cu(II) salts.,
135,RXNO:0000090,Williamson ether synthesis,substitution step,The reaction between an alkyl halide or alkyl sulfate and a metal alkoxide to give an ether.,
136,RXNO:0000376,Eschweiler-Clarke methylation,N-methylation,N-methylation of a primary or secondary amine with formic acid and formaldehyde to yield a tertiary amine.,
137,RXNO:0000038,Clemmensen reduction,functional group reduction,A functional group reduction where an aldehyde or ketone carbonyl group is reduced to a methylene with zinc-mercury amalgam and hydrochloric acid.,[C:1]=O.[Zn].[Hg].[Cl]>>[C:1]
138,RXNO:0000188,Zimmermann reaction,carbon-carbon coupling reaction,The reaction between a methylene ketone and a polynitro aromatic compound.,
139,RXNO:0000542,nickel-catalysed Kumada coupling,Kumada coupling,A cross-coupling reaction between a Grignard reagent and an activated (aryl or vinyl) halide or triflate. The reaction is catalysed by a nickel catalyst.,
140,RXNO:0000306,intramolecular Heck reaction,ring formation reaction step,"A carbon-carbon coupling reaction where an organohalide or triflate couples to an alkene in the same molecule, catalysed by palladium.",
141,RXNO:0000500,Bénary reaction,molecular skeleton joining reaction,"Reaction of a beta-aminovinylketone with a Grignard reagent to yield a substituted alpha,beta-unsaturated carbonyl compound.",
142,RXNO:0000156,Lossen rearrangement,rearrangement step,The derivatisation (for example with tosyl chloride) and subsequent rearrangement of a hydroxamic acid to give an isocyanate.,
143,RXNO:0000163,Paal-Knorr thiophene synthesis,Paal-Knorr synthesis,"The cyclisation of a 1,4-dicarbonyl compound with phosphorus pentasulfide to give a thiophene.",O=[C:1]-[C:2]-[C:3]-[C:4]=O.S=P13SP2(=S)SP(=S)(S1)SP(=S)(S2)S3>>s1[c:1][c:2][c:3][c:4]1
144,RXNO:0000389,Seyferth-Gilbert ketone homologation,molecular skeleton insertion reaction,Reaction of a ketone with a dimethyl diazomethyl phosphonate under basic conditions to yield a terminal alkyne.,
145,RXNO:0000472,Amadori rearrangement,rearrangement step,Rearrangement of an aldose N-glycoside to a ketose N-glycoside by acid or base catalysis.,
146,RXNO:0000525,Castro-Stephens coupling,palladium-catalysed carbon-carbon coupling reaction,Palladium-catalysed coupling of copper(I) acetylides with aryl halides to yield arylacetylenes.,
147,RXNO:0000448,molecular chain lengthening objective,molecular skeleton joining objective,A molecular skeleton joining adjective that is satisfied by a chain part of a molecular skeleton being lengthened.,
148,RXNO:0000296,hydrostannylation,hydrometallation,"The reaction of a organotin hydride with an alkene or alkyne, to give an intermediate tin species that can give various products after work-up.",
149,RXNO:0000549,Sarett secondary alcohol oxidation,secondary alcohol oxidation to ketone,Oxidation of a secondary alcohol with a pyridine-chromium trioxide complex to yield a ketone.,
150,RXNO:0000337,nitro reduction to amine,reduction,A reduction reaction where a nitro group is reduced to an amino group.,[N:1](=O)O>>[N&X3;H2:1]
151,RXNO:0000179,"Elbs persulfate oxidation, phenol variant",aromatic substitution step,The oxidation of a phenol to give a (predominantly para) diphenol using potassium persulfate.,
152,RXNO:0000334,Sandmeyer pseudohalogenation,Sandmeyer reaction,An aromatic substitution reaction where an aryl diazonium salt reacts with a copper(II) pseudohalide to form an aromatic pseudohalide.,
153,RXNO:0000049,intramolecular Prins reaction,ring formation reaction step,"A reaction between formaldehyde and an alkene to give a 1,3-dioxane, catalysed by acid.",
154,RXNO:0000275,Stork-Crabtree hydrogenation,addition reaction step,"A hydrogenation in which a metal-ligating group distant from the reacting alkene directs the attack of hydrogen, giving preferentially one stereoisomer of the product.",
155,RXNO:0000403,Pinner triazine synthesis,triazine synthesis,"Reaction of aryl amidines or halogenated aliphatics amidines with phosgene to yield a 2-hydroxy-4,6-diaryl-s-triazine with loss of ammonia.",
156,RXNO:0000519,Bernthsen acridine synthesis,acridine synthesis,Reaction of a diarylamine in an organic acid or anhydride in the presence of zinc chloride to yield a 9-substituted acridine.,
157,RXNO:0000133,Cativa process,molecular skeleton joining reaction,"The reaction of formaldehyde with methanol to form acetic acid, catalysed by an iridium complex.",
158,RXNO:0000178,Kharasch-Sosnovsky reaction,substitution step,The allylic oxidation of an alkene with a peroxy ester or a peroxide to give the corresponding allylic alcohol derivative. The catalyst is a copper compound.,
159,RXNO:0000248,Carroll rearrangement,rearrangement step,"An adaptation of the Claisen rearrangement that transforms a beta-keto allyl ester into a gamma,delta-allyl ketone. It uses base and high temperature or milder conditions with a ruthenium or palladium complex as catalyst.",
160,RXNO:0000338,amide reduction to amine,functional group modification,A reduction process where an amide is transformed into an amine.,
161,RXNO:0000524,Camps quinoline synthesis,quinoline synthesis,Cyclisation of an o-acylaminoacetophenone in alcoholic sodium hydroxide to form a substituted hydroxyquinoline.,
162,RXNO:0000531,Boord olefin synthesis,olefination,Etherification of an aldehyde followed by bromination and reaction with a Grignard reagent followed by treatment with zinc to eliminate the halogen and alkoxy groups to produce an olefin.,
163,RXNO:0000074,Wurtz reaction,carbon-carbon homocoupling reaction,A carbon-carbon homocoupling reaction of two molecules of an alkyl halide with sodium to give a symmetrical product.,
164,RXNO:0000213,"Sakurai reaction, enone",Sakurai reaction,"A carbon-carbon coupling reaction in which an enone reacts with allyltrimethylsilane to form a delta,epsilon-unsaturated carbonyl compound.",
165,RXNO:0000408,Appel chlorination,Appel halogenation,Conversion of an alcohol to an alkyl chloride with triphenylphosphine and tetrachloromethane.,
166,RXNO:0000328,silyl protection,hydroxyl group protection,A hydroxyl group protection where the hydroxyl oxygen atom is protected by formation of a silyl ether.,
167,RXNO:0000256,Dess-Martin oxidation,alcohol oxidation,The oxidation of a primary alcohol to an aldehyde or a secondary alcohol to a ketone using the Dess-Martin periodinane.,
168,RXNO:0000060,Arbuzov reaction,substitution step,The alkylation of a trialkyl phosphite with an alkyl halide or acyl halide to give an alkyl phosphonate.,
169,RXNO:0000201,Steglich rearrangement,rearrangement step,The rearrangement of an oxazolyl carbonate to a C-carboxyazlactone.,
170,RXNO:0000420,Kröhnke pyridine synthesis,pyridine synthesis,"Condensation of a 1,5-diketone with ammonium acetate in acetic acid to form a pyridine.",
171,RXNO:0000083,Paternò–Büchi reaction,oxacycle synthesis,A photochemical cycloaddition between an aldehyde or ketone and an alkene to give an oxetane.,[C:1]=[O:2].[C:3]=[C:4]>>[C:1]1[O:2][C:3][C:4]1
172,RXNO:0000289,Woehler reaction,functional group modification,"The formation of urea from ammonium cyanate. Ammonium cyanate is unstable, and so is formed in situ from either (a) cyanic acid and ammonia, (b) a metal cyanate and an ammonium salt, or (c) a metal cyanate and ammonia.",
173,RXNO:0000265,aza-Wittig reaction,carbonyl compound to imine conversion,Reaction of a carbonyl compound with a phosphazene to give an imine.,
174,RXNO:0000512,Smith indole synthesis,indole synthesis,Reaction of a N-(2-alkylphenyl)-trimethylsilylamine with two equivalents of organolithium and an ester or carboxylic acid to form an indole.,
175,RXNO:0000264,aza-Baylis-Hillman reaction,Baylis-Hillman reaction,A carbon-carbon coupling of an imine to an activated alkene in the presence of a nucleophilic base to give an allylic amine.,
176,RXNO:0000412,Newman-Kwart rearrangement,functional group modification,Rearrangement of an O-aryl thiocarbamate to an S-aryl thiocarbamate by migration of the aryl group.,
177,RXNO:0000307,Mori-Ban indole synthesis,indole synthesis,"An intramolecular Heck reaction of an ortho-halo-aniline with an alkene, catalysed by palladium.",
178,RXNO:0000432,tert-butyl protection,carboxylic acid protection,A carboxy group protection where the product is a tert-butyl ester.,
179,RXNO:0000550,Collins oxidation,functional group oxidation,Oxidation of a primary alcohol with a pyridine-chromium trioxide complex in dichloromethane to yield an aldehyde.,
180,RXNO:0000062,Skraup reaction,quinoline synthesis,A condensation between an aromatic amine and glycerol to give a quinoline.,
181,RXNO:0000198,2-aza-Cope rearrangement,aza-Cope rearrangement,"The rearrangement of a 2-aza-1,5-hexadiene to form an imine.",
182,RXNO:0000088,Negishi coupling,carbon-carbon coupling reaction,A carbon-carbon coupling reaction between an organohalide or organotriflate and an organozinc compound. The reaction is catalysed by palladium or nickel.,
183,RXNO:0000024,Heck reaction,palladium-catalysed carbon-carbon coupling reaction,"A carbon-carbon coupling reaction where an organohalide or triflate couples to a terminal olefin to produce an internal olefin, catalysed by palladium. It is stereospecific.",
184,RXNO:0000452,ketone Sakurai reaction,"Sakurai reaction, aldehyde or ketone",A carbon-carbon coupling reaction in which a ketone reacts with allyltrimethylsilane to form a homoallylic alcohol.,
185,RXNO:0000482,Schmittel cyclisation,ring formation reaction step,"Cyclization of a enynyl allene to yield a 1-methyl-5-methylenecyclopenta-1,3-diene biradical with radical centres on the methyl group and methylene group.",
186,RXNO:0000225,Wohl-Ziegler bromination,functional group addition step,"The allylic or benzylic bromination of hydrocarbons using an N-bromoimide and a radical initiator, to give an allylic or benzylic bromide.",
187,RXNO:0000103,Gabriel synthesis,substitution step,"The reaction of primary alkyl halides with sodium or potassium phthalimide, followed by hydrolysis, to give the corresponding primary amine.",
188,RXNO:0000302,thermal hydrosilylation,hydrosilylation,"The thermally induced addition of a hydrosilane across the double bond of an alkene or alkyne to give a more substituted silane, usually applied to cases where the hydrosilane is part of a silicon surface.",
189,RXNO:0000473,Arens-van Dorp synthesis,molecular skeleton joining reaction,Reaction of a ketone with ethoxyacetylene to form an alkoxyethynyl alcohol.,
190,RXNO:0000351,aryl reduction to cycloalkyl,hydrogenation,A hydrogenation reaction where an aryl ring is reduced to a cycloalkyl ring.,
191,RXNO:0000069,Dimroth rearrangement,ring rearrangement,A rearrangement of a heterocyclic compound in which endocyclic and exocyclic heteroatoms swap places.,
192,RXNO:0000489,functional group addition objective,functional modification objective,A functional modification objective that is satisfied by a reaction in which a covalent bond is formed between the molecular skeleton and a functional group and where the skeletal bond order is unchanged.,
193,RXNO:0000244,Passerini reaction,molecular skeleton joining reaction,"The reaction between an isonitrile, a carboxylic acid and aldehyde or ketone to give an alpha-acyloxy amide.",
194,RXNO:0000072,Reimer-Tiemann reaction,carbon-carbon coupling reaction,"A formylation reaction between an aromatic compound (for example, phenol, pyrrole or indole) and chloroform (for example, to form an ortho-formyl phenol).",
195,RXNO:0000098,Glaser coupling,carbon-carbon homocoupling reaction,A coupling reaction between two molecules of a terminal alkyne catalysed by Cu(I) salts.,
196,RXNO:0000106,Hunsdiecker reaction,end-of-chain chain shortening,The decarboxylation of silver carboxylates with halogens to give organic halides.,
197,RXNO:0000165,Schotten-Baumann reaction,substitution step,"The coupling of an alcohol or amine with an acyl chloride to give an ester or amide. A two-phase solvent system is often used, to enable the acid generated during the reaction to be neutralised by the aqueous base, while the starting materials and products remain in the organic phase.","[C:1][N,O].[C:2](=[O:3])Cl>>[O:3]=[C:2]O[C:1]"
198,RXNO:0000109,Pfitzinger reaction,ring expansion,The reaction between isatin and an alpha-methylene carbonyl compound to give a substituted quinoline-4-carboxylic acid.,
199,RXNO:0000361,Pinner reaction,functional group modification,A functional group modification where a nitrile reacts with an alcohol under acid catalysis to form an amidine or ester.,
200,RXNO:0000553,Leuckart ketone reaction,Leuckart reaction,Reductive amination of a ketone with ammonium formate or formamide to form an amine.,
201,RXNO:0000327,benzylamine deprotection,amino group deprotection,An amino group deprotection reaction where a benzylamine group is removed by hydrogenation.,
202,RXNO:0000510,Benkeser reduction,addition reaction step,Addition of hydrogen atoms to unsaturated rings by means of alkali metals in low-molecular weight amines.,
203,RXNO:0000232,Petasis reaction,functional group modification,The alkylation of an amine with a boronic acid and an aldehyde to give a substituted amine.,
204,RXNO:0000386,Wallach degradation,ring contraction,Favorskii rearrangement of a cyclic alpha-dibromoketone followed by decarboxylation to yield a ring-contracted cyclic ketone.,
205,RXNO:0000162,Paal-Knorr furan synthesis,Paal-Knorr synthesis,"The cyclisation of a 1,4-dicarbonyl compound with an acid catalyst to give a furan.",O=[C:1]-[C:2]-[C:3]-[C:4]=O>>o1[c:1][c:2][c:3][c:4]1
206,RXNO:0000252,Cadogan carbazole synthesis,carbazole synthesis,The reduction of a 2-nitrobiaryl compound to give a carbazole.,
207,RXNO:0000065,Dieckmann cyclisation,deethanolative condensation,An intramolecular cyclisation of a diester to give a cyclic beta-ketoester.,
208,RXNO:0000059,Pictet-Spengler reaction,fused-ring-system formation,A condensation-cyclisation of a beta-phenethylamine with an aldehyde to give a tetrahydroisoquinoline.,
209,RXNO:0000172,"Schmidt rearrangement, tertiary alcohol",molecular skeleton insertion reaction,The reaction of a tertiary alcohol with hydrazoic acid with rearrangement to form an imide.,
210,RXNO:0000345,heteroaryl N-alkylation,N-alkylation,An N-alkylation reaction where the reactive centre is an azacycle ring nitrogen.,
211,RXNO:0000082,Goldberg reaction,aromatic substitution step,A coupling reaction in which an acetanilide is coupled to an aryl halide to give an N-acetyl diaryl amine in the presence of a copper compound.,
212,RXNO:0000171,"Schmidt rearrangement, ketone",molecular skeleton insertion reaction,The reaction of a ketone with hydrazoic acid with the insertion of an NH group between the carbonyl carbon and one of the R groups to form an amide.,
213,RXNO:0000148,Claisen rearrangement,"[3,3]-sigmatropic rearrangement","The [3,3]-sigmatropic rearrangement of an allyl vinyl ether to give a gamma,delta-unsaturated carbonyl compound.",
214,RXNO:0000548,Sarett primary alcohol oxidation,Sarett oxidation,Oxidation of a primary alcohol with a pyridine-chromium trioxide complex to yield an aldehyde.,
215,RXNO:0000461,intermolecular acyloin condensation,acyloin condensation,A reductive coupling reaction between two ester groups in different molecules to give an acyloin (an alpha-hydroxyketone).,
216,RXNO:0000189,Neber rearrangement,rearrangement step,The rearrangement of the sulfonic ester of a ketoxime in base to give an alpha-amino ketone.,
217,RXNO:0000340,amide N-alkylation,N-alkylation,An N-alkylation where the reactive centre is an amide nitrogen.,
218,RXNO:0000549,Sarett secondary alcohol oxidation,Sarett oxidation,Oxidation of a secondary alcohol with a pyridine-chromium trioxide complex to yield a ketone.,
219,RXNO:0000043,Claisen condensation,molecular skeleton joining reaction,A carbon-carbon coupling reaction of an ester and a carbonyl compound to form a beta-keto ester.,
220,RXNO:0000124,Bamford-Stevens reaction,molecular skeleton elimination reaction,The reaction of a tosylhydrazone of an aldehyde or ketone with a strong base to give an olefin.,
221,RXNO:0000341,aniline N-alkylation,N-alkylation,An N-alkylation where the reactive centre is an aniline nitrogen.,
222,RXNO:0000460,intramolecular acyloin condensation,ring formation reaction step,A reductive coupling reaction between two ester groups in the same molecule to give an acyloin (an alpha-hydroxyketone).,
223,RXNO:0000209,Nazarov cyclisation,ring formation reaction step,The acid-catalysed cyclisation of a divinylketone to give a cyclopentenone.,
224,RXNO:0000527,Chichibabin reaction,substitution step,Reaction of an azacycle with an alkali-metal amide to yield an aminated azacycle.,
225,RXNO:0000529,Bogert-Cook synthesis,fused-ring-system formation,Condensation of beta-phenylethylmagnesium bromide with a cyclohexanone followed by cyclisation and dehydration in concentrated sulfuric acid to yield an octahydrophenanthrene.,
226,RXNO:0000043,Claisen condensation,deethanolative condensation,A carbon-carbon coupling reaction of an ester and a carbonyl compound to form a beta-keto ester.,
227,RXNO:0000050,pinacol rearrangement,rearrangement step,"A rearrangement of a 1,2-diol to give a carbonyl compound, catalysed by acid.",
228,RXNO:0000378,intramolecular Scholl reaction,molecular skeleton joining reaction,Scholl reaction within a single molecule to form a larger ring system.,
229,RXNO:0000147,Emde degradation,cleaving reaction,"A reduction of a quaternary ammonium salt containing at least one unsaturated substituent, to give a tertiary amine.",
230,RXNO:0000081,Ullmann condensation,aromatic substitution step,A coupling reaction in which a phenol is coupled to an aryl halide to give a diaryl ether in the presence of a copper compound.,
231,RXNO:0000445,ortho-Fries rearrangement,Fries rearrangement,Rearrangement of the acyl group in a phenolate ester to the ortho-position.,
232,RXNO:0000504,bicyclic Boulton-Katritzky rearrangement,Boulton-Katritzky rearrangement,Rearrangement of a mancude bicyclo[4.3.0] compound with an unsaturated two-heavy-atom substituent on the six-membered ring alpha to the bridgehead to form a new mancude bicyclo[4.3.0] compound where the five-membered ring has been formed from the two-heavy-atom substituent and the original five-membered ring has been broken.,
233,RXNO:0000356,Jones oxidation,functional group oxidation,An oxidation reaction where an alcohol is oxidized to the corresponding carbonyl compound by a dichromate ion.,
234,RXNO:0000466,polymerisation objective,molecular skeleton joining objective,A molecular transformation objective that is satisfied by a reaction in which a large number of monomers react together to product a polymer consisting of repeating units.,
235,RXNO:0000429,pivaloyl deprotection,hydroxy group deprotection,A hydroxy group deprotection where a pivalate group is removed in acid or base conditions.,
236,RXNO:0000065,Dieckmann cyclisation,ring formation reaction step,An intramolecular cyclisation of a diester to give a cyclic beta-ketoester.,
237,RXNO:0000284,ring-opening metathesis,ring breaking,"A ring-breaking reaction in which two carbon-carbon double bonds are redistributed among two fragments, i.e. an alkene and a cycloalkene. It is typically catalysed by a metal carbenoid, and proceeds via two four-membered intermediates (metallacyclobutanes). The reaction is driven by release of ring strain in the cycloalkene.",
238,RXNO:0000134,Barton-McCombie deoxygenation,functional group reduction,The deoxygenation of an alcohol to the corresponding alkane using a thiochloroformate. It proceeds by a radical mechanism.,
239,RXNO:0000414,haloethanoate ester-aldehyde Darzens reaction,chain lengthening,A coupling of an aldehyde with an alpha-haloethanoate ester to form the next homologous aldehyde.,
240,RXNO:0000467,Algar-Flynn-Oyamada reaction,fused-ring-system formation,A fused-ring-system formation reaction where a flavonol is produced by oxidation of a chalcone with alkaline hydrogen peroxide.,
241,RXNO:0000268,Hantzsch pyridine synthesis,azacycle synthesis,"A ring-forming reaction between two equivalents of a beta-ketoester, an aldehyde and ammonia (or an ammonium salt), to give a dihydropyridine. The dihydropyridine can be oxidised to a pyridine using an oxidising agent.",
242,RXNO:0000368,Crabbé homologation,alkene oxidation,"Oxidation of an alkene to an allene by heating with formaldehyde, an amine and an inorganic salt.",[C:1]=[C:2].[C:3]=O>>[C:1]=[C:2]=[C:3]
243,RXNO:0000121,aza-Payne rearrangement,ring rearrangement,"A base-catalysed isomerisation of a 2,3-epoxyamine to form a hydroxy aziridine, with inversion of configuration at C2.",
244,RXNO:0000530,Bohn-Schmidt reaction,functional group addition step,Reaction of a hydroxylated anthraquinone with fuming sulfuric acid or sulfuric acid in boric acid in the presence of a mercury or selenium catalyst to form a more hydroxylated anthraquinone.,
245,RXNO:0000498,Béchamp reduction,functional group reduction,Reduction of an aromatic nitro compound to the corresponding arene by iron in some form in aqueous acid.,
246,RXNO:0000539,Cope elimination,molecular skeleton elimination reaction,Elimination of a hydroxylamine from an amine oxide by pyrolysis to yield an olefin.,
247,RXNO:0000447,Duff reaction,carbon-carbon coupling reaction,Formylation of a phenol or aromatic amine with hexamethylenetetramine in acidic conditions.,
248,RXNO:0000079,Boc protection,amino group protection,A protection reaction in which an amine is converted into a tert-butoxycarbonyl compound.,
249,RXNO:0000035,Stille coupling,molecular skeleton joining reaction,A carbon-carbon coupling reaction where a stannane reacts with an organohalide or organotriflate.,"[Sn][C:1].[C:2][Cl,Br,I:3]>>[C:1][C:2].[Sn][*:3]"
250,RXNO:0000274,retro-aldol addition,cleaving reaction,"The reverse of an aldol addition, in which a beta-hydroxy ketone fragments to form a carbonyl compound and the enolate of an alpha-acidic carbonyl compound.",
251,RXNO:0000095,Fischer-Hepp rearrangement,rearrangement step,The rearrangement of an aromatic nitrosamine to a para-nitrosoaniline.,
252,RXNO:0000174,Sommelet-Hauser rearrangement,rearrangement step,"The [2,3]-sigmatropic rearrangement of a benzyl quaternary ammonium salt to form an aniline.",
253,RXNO:0000241,nitro-Michael reaction,Michael addition,"A conjugate addition reaction where a carbon nucleophile adds to an alpha,beta-unsaturated nitro compound.",
254,RXNO:0000243,"Noyori asymmetric hydrogenation, carbonyl",functional group reduction,The homogeneous asymmetric catalytic hydrogenation of a carbonyl bond using a ruthenium(II) BINAP catalyst.,
255,RXNO:0000312,Clauson-Kaas reaction,pyrrole synthesis,"A ring rearrangement reaction where an amine reacts with a 2,5-dialkoxytetrahydrofuran to give a pyrrole.",
256,RXNO:0000230,aza-Ferrier rearrangement,rearrangement step,The rearrangement of an O-alkenyl hemiaminal ether to give the corresponding beta-amino carbonyl compound.,
257,RXNO:0000308,Yamaguchi lactonisation,Yamaguchi esterification,"The intramolecular esterification of a carboxylic acid group with an alcohol group using 2,4,6-trichlorobenzoyl chloride (Yamaguchi reagent) - an intramolecular Yamaguchi esterification.",
258,RXNO:0000556,Corey-Fuchs terminal dibromoolefination,olefination,Reaction of an aldehyde with tetrabromomethane and triphenylphosphine to yield a terminal dibromoolefin.,
259,RXNO:0000236,Biginelli reaction,ring formation reaction step,"A three-component coupling of a beta-keto ester, an aldehyde and urea to give a 3,4-dihydropyrimidinone.",
260,RXNO:0000282,enyne metathesis,multiple-bond metathesis,"A joining reaction in which a carbon-carbon double bond and a carbon-carbon triple bond are redistributed among two fragments, i.e. an alkene and an alkyne. It is typically catalysed by a metal carbenoid, and proceeds via two four-membered intermediates (metallacyclobutenes). As a low-MW alkene is not released, the reaction is usually driven by formation of a ring.",
261,RXNO:0000132,Monsanto process,molecular skeleton joining reaction,"The reaction of formaldehyde with methanol to form acetic acid, catalysed by a rhodium complex.",
262,RXNO:0000378,intramolecular Scholl reaction,Scholl reaction,Scholl reaction within a single molecule to form a larger ring system.,
263,RXNO:0000399,Phillips benzimidazole synthesis,benzimidazole synthesis,Reaction of an ortho-diaminobenzene with a carboxylic acid under heat to yield a benzimidazole.,
264,RXNO:0000404,oxa-Pictet-Spengler reaction,oxacycle synthesis,"Cyclisation-condensation of a beta-arylethanol with an aldehyde to yield an ortho-,peri-fused aryl-oxacycle.",
265,RXNO:0000154,Swern oxidation,functional group oxidation,The oxidation of a primary alcohol or secondary alcohol to an aldehyde or ketone respectively. Does not work with allylic or benzylic alcohols.,
266,RXNO:0000092,aza-Diels-Alder reaction,hetero-Diels-Alder reaction,A Diels-Alder reaction between a diene and an imine or an azadiene and an alkene to give a six-membered nitrogen-containing ring compound.,
267,RXNO:0000234,aza-Achmatowicz rearrangement,ring rearrangement,A rearrangement of a furfuryl amine derivative to a tetrahydropyridinone.,
268,RXNO:0000183,Perkow reaction,molecular skeleton joining reaction,The reaction between an alpha-halocarbonyl compound and a trialkyl phosphite to give an enol phosphate.,
269,RXNO:0000358,N-acylation to urea,N-acylation,An acylation reaction where a nitrogen atom is acylated to form a urea.,
270,RXNO:0000413,Zincke nitration,nitration,Substitution of phenol ortho- or para-bromo or iodo groups by a nitro group on treatment with nitrous acid or a nitrite in acetic acid.,
271,RXNO:0000104,Ing-Manske procedure,substitution step,"The reaction of primary alkyl halides with sodium or potassium phthalimide, followed by treatment with hydrazine, to give the corresponding primary amine.",
272,RXNO:0000541,palladium-catalysed Kumada coupling,palladium-catalysed carbon-carbon coupling reaction,A cross-coupling reaction between a Grignard reagent and an activated (aryl or vinyl) halide or triflate. The reaction is catalysed by a palladium catalyst.,
273,RXNO:0000184,Pfitzner-Moffatt oxidation,functional group oxidation,"The oxidation of a primary or secondary alcohol to the corresponding aldehyde or ketone respectively using dimethyl sulfoxide, 1,3-dicyclohexylcarbodiimide and acid. The reaction proceeds via an alkoxysulfonium ylide.",
274,RXNO:0000057,Horner reaction,olefination,A joining reaction between a phosphine oxide and a carbonyl compound to give an olefin.,
275,RXNO:0000235,aza-Henry reaction,carbon-carbon coupling reaction,A carbon-carbon coupling reaction between a nitroalkane and an imine to give a beta-amino nitroalkane.,
276,RXNO:0000456,addition objective,functional modification objective,"A functional modification objective that is satisfied by a reaction in which two or more groups of atoms are added to the molecule, resulting in a change of skeletal bond order.",
277,RXNO:0000249,Bose-Mitsunobu reaction,Mitsunobu reaction,"A Mitsunobu reaction, where an alcohol is converted to something else with inversion at the stereocentre, using diphenylphosphoryl azide.",
278,RXNO:0000308,Yamaguchi lactonisation,oxacycle synthesis,"The intramolecular esterification of a carboxylic acid group with an alcohol group using 2,4,6-trichlorobenzoyl chloride (Yamaguchi reagent) - an intramolecular Yamaguchi esterification.",
279,RXNO:0000427,ketone Barbier reaction,Barbier reaction,A joining reaction between an ketone and an alkyl halide or aryl halide or vinyl halide or allyl halide in the presence of metal to give a tertiary alcohol.,
280,RXNO:0000488,joining with rearrangement objective,molecular skeleton joining objective,A molecular skeleton joining objective that is satisfied by a reaction in which one or more atoms are added to the molecular skeleton and a skeletal rearrangement occurs.,
281,RXNO:0000170,"Schmidt rearrangement, carboxylic acid",end-of-chain chain shortening,"The reaction of a carboxylic acid with hydrazoic acid to give the lower homologue amine, with the loss of the terminal carbon atom.",
282,RXNO:0000218,Cannizzaro reaction,functional group modification,The disproportionation of a non-enolisable aldehyde to the corresponding carboxylic acid and alcohol. The reaction is base-catalysed.,
283,RXNO:0000371,Griess reaction,diazotisation,"A diazotisation that proceeds by the addition of nitrous acid, nitric acid and water, resulting in a diazonium nitrate salt.",
284,RXNO:0000119,Bouveault-Blanc reaction,functional group reduction,The reduction of an ester using sodium to give two alcohols.,
285,RXNO:0000501,Feist-Bénary synthesis,oxacycle synthesis,"Reaction of an alpha-haloketone or alpha-haloether with a 1,3-dicarbonyl compound in the presence of pyridine to yield a substituted furan.",
286,RXNO:0000187,Tishchenko reaction,functional group modification,The formation of an ester from two aldehydes via a disproportionation process using a metal alkoxide to oxidise one aldehyde and reduce the other.,[C:1](=O).[C:2](=O)>>[C:1](=O)O[C:2]
287,RXNO:0000217,"Sakurai reaction, epoxide",ring breaking,A ring-breaking reaction in which an epoxide reacts with allyltrimethylsilane to form a hydroxy alkene.,
288,RXNO:0000511,Madelung indole synthesis,molecular dehydration reaction,Reaction of an N-(2-alkylphenyl)alkanamide with strong base to form an indole.,
289,RXNO:0000477,Rupe rearrangement,rearrangement step,"Rearrangement of a propargyl alcohol to an alpha,beta-unsaturated carbonyl compound via an enyne intermediate to yield the beta-substituted product.",
290,RXNO:0000087,Barton reaction,rearrangement step,The photolytic oxidation of a nitrate ester to give a gamma-nitroalcohol.,
291,RXNO:0000555,Appel bromination with bromine,Appel bromination,Conversion of an alcohol to an alkyl bromide with triphenylphosphine and bromine.,
292,RXNO:0000324,benzyl ether protection,hydroxyl group protection,A hydroxyl group protection where the hydroxyl oxygen atom is protected by formation of a benzyl ether.,
293,RXNO:0000283,ring-closing enyne metathesis,ring formation reaction step,"A joining reaction in which a carbon-carbon double bond and a carbon-carbon triple bond in the same molecule are redistributed to give a alkene-substituted cycloalkene. It is typically catalysed by a metal carbenoid, and proceeds via two four-membered intermediates (metallacyclobutanes). The reaction is driven by formation of the ring.",
294,RXNO:0000245,ring-closing metathesis,ring formation reaction step,"A joining reaction in which two carbon-carbon double bonds in the same molecule are redistributed to give a cycloalkene. It is typically catalysed by a metal carbenoid, and proceeds via two four-membered intermediates (metallacyclobutanes). The reaction is driven by release of a low-MW alkene.",
295,RXNO:0000072,Reimer-Tiemann reaction,formylation,"A formylation reaction between an aromatic compound (for example, phenol, pyrrole or indole) and chloroform (for example, to form an ortho-formyl phenol).",
296,RXNO:0000458,molecular ring rearrangement objective,molecular transformation objective,A molecular transformation objective that is satisfied by a reaction in which the number of skeletal rings in a molecule stays the same but the connectivity of the atoms in at least one ring changes.,
297,RXNO:0000215,"Sakurai reaction, acetal or ketal",Sakurai reaction,A carbon-carbon coupling reaction in which an acetal or ketal reacts with allyltrimethylsilane to form a homoallylic ether.,
298,RXNO:0000236,Biginelli reaction,molecular dehydration reaction,"A three-component coupling of a beta-keto ester, an aldehyde and urea to give a 3,4-dihydropyrimidinone.",
299,RXNO:0000128,Kolbe electrolysis,carbon-carbon coupling reaction,The decarboxylation and coupling of a carboxylate or mixture of carboxylates to give a dimer.,
300,RXNO:0000145,Barbier-Wieland degradation,end-of-chain chain shortening,The degradation of a carboxylic acid to its next lower homologous carboxylic acid.,
301,RXNO:0000272,hydroformylation,molecular skeleton joining reaction,"The reaction of hydrogen and carbon monoxide with an alkene, to give an aldehyde, catalysed by a rhodium or cobalt catalyst. The process is equivalent to the formal addition of the H-C bond of formaldehyde across the double bond of an alkene.",
302,RXNO:0000434,tert-butyl ester deprotection,carboxy group deprotection,A deprotection reaction where the reactant is a tert-butyl ester and the product is a carboxylic acid.,
303,RXNO:0000457,molecular ring expansion objective,molecular transformation objective,A molecular transformation objective that is satisfied by a reaction in which an existing skeletal ring is increased in size.,
304,RXNO:0000551,reductive imination,functional group modification,A functional group modification where a carbonyl oxygen is replaced by an imine.,
305,RXNO:0000029,oxy-Cope rearrangement,rearrangement step,"A [3,3]-sigmatropic rearrangement of a 3-hydroxy-1,5-hexadiene rearranges to form a 5,6-unsaturated carbonyl compound.",
306,RXNO:0000405,Prilezhaev epoxidation,epoxidation,Epoxidation of an alkene by reaction with a peroxy acid.,
307,RXNO:0000140,Suzuki-Miyaura coupling,carbon-carbon coupling reaction,"The coupling of a boronic acid or boronic ester with an unsaturated halide, triflate or sulfonate catalysed by a palladium(0) complex.",
308,RXNO:0000394,Knorr quinoline synthesis,quinoline synthesis,Synthesis of an alpha-hydroxyquinoline by reaction of a beta-ketoester and an arylamine then dehydration with concentrated sulfuric acid.,
309,RXNO:0000125,Shapiro reaction,molecular skeleton elimination reaction,The reaction of a tosylhydrazone of an aldehyde or ketone with an alkyllithium or Grignard reagent to give an olefin.,
310,RXNO:0000269,alkyne-azide click reaction,[3+2] cycloaddition,"A [3+2] cycloaddition reaction between an azide and an alkyne to give a 1,2,3-triazole, needing only heat to proceed.",
311,RXNO:0000163,Paal-Knorr thiophene synthesis,thiacycle synthesis,"The cyclisation of a 1,4-dicarbonyl compound with phosphorus pentasulfide to give a thiophene.",O=[C:1]-[C:2]-[C:3]-[C:4]=O.S=P13SP2(=S)SP(=S)(S1)SP(=S)(S2)S3>>s1[c:1][c:2][c:3][c:4]1
312,RXNO:0000326,Boc deprotection,amino group deprotection,An amino group deprotection reaction where a tertbutoxycarbonyl group is removed in acid conditions.,
313,RXNO:0000175,Dakin-West reaction,molecular skeleton joining reaction,The reaction of an amino acid with an acid anhydride to give an alpha-acylamido ketone. The reaction proceeds via the mixed anhydride and an oxazolone; the product is always racemic.,
314,RXNO:0000402,Pinner pyrimidine synthesis,pyrimidine synthesis,"Reaction of a 1,3-dicarbonyl compound with an amidine to yield a pyrimidine.",
315,RXNO:0000366,nitrile to acid conversion,functional group modification,A functional group modification where a nitrile is transformed into a carboxylic acid.,
316,RXNO:0000431,carboxylic acid to primary alcohol reduction,reduction,A carboxylic acid reduction where the product is the corresponding primary alcohol.,
317,RXNO:0000342,nitrile reduction to amine,reduction,A reduction where a nitrile is replaced by an amine function.,
318,RXNO:0000062,Skraup reaction,molecular dehydration reaction,A condensation between an aromatic amine and glycerol to give a quinoline.,
319,RXNO:0000210,Fleming-Tamao oxidation,substitution step,"The stereospecific oxidation of a (phenyldimethylsilyl)alkane to the corresponding alcohol using bromine, usually generated in situ from potassium bromide and peracetic acid.",
320,RXNO:0000262,"[1,2]-aza-Wittig rearrangement",Wittig rearrangement,"A base-mediated 1,2-sigmatropic rearrangement of a tertiary amine to give a secondary amine.",
321,RXNO:0000522,Betti reaction,molecular skeleton joining reaction,"Reaction of a phenol, an aromatic aldehyde and a primary aromatic or heterocyclic amine to yield a Betti's base, also known as an alpha-aminobenzylphenol.",
322,RXNO:0000240,Bergman cyclisation,ring formation reaction step,"The cyclisation of an ene-diyne to give a 1,4-diradical cyclohexatriene. The diradical usually aromatises.",
323,RXNO:0000503,monocyclic Boulton-Katritzky rearrangement,Boulton-Katritzky rearrangement,"Rearrangement of an azapentacycle containing a -N= system where there is an unsaturated three-heavy-atom substituent XYZ on the substituent double-bonded to the nitrogen, to a new azapentacycle where the pivotal nitrogen has broken its single bond and formed a new bond with atom Z.",
324,RXNO:0000515,Bergmann azlactone peptide synthesis,molecular skeleton joining reaction,"Reaction of an acetylated amino acid with an aldehyde then with a second amino acid, then hydrogenation and hydrolysis to form a dipeptide. It proceeds via an azlactone intermediate.",
325,RXNO:0000298,Fetizon oxidation,functional group oxidation,The oxidation of a primary alcohol to an aldehyde or a secondary alcohol to a ketone using Fetizon's reagent.,
326,RXNO:0000097,imino-Reformatsky reaction,Reformatsky reaction,A carbon-carbon coupling reaction where an imine reacts with a alpha-halo ester and zinc to form a beta-amino ester.,
327,RXNO:0000117,Julia olefination,olefination,A carbon-carbon coupling reaction between a phenyl sulfone and an aldehyde or ketone to give a (typically trans) alkene.,
328,RXNO:0000227,"Wolff-Kishner reduction, Huang-Minlon modification",Wolff-Kishner reduction,"The reduction of an aldehyde or ketone to the corresponding methylene compound, using hydrazine hydrate and a base in refluxing ethylene glycol.",
329,RXNO:0000533,Bouveault aldehyde synthesis,chain lengthening,"Reaction of an organomagnesium or organolithium compound with an N,N'-disubstituted formamide to yield the next homologous aldehyde.",
330,RXNO:0000146,Corey-Fuchs reaction,chain lengthening,"A homologation reaction of an aldehyde to yield a terminal alkyne. The reagents are tetrabromomethane, triphenylphosphine, butyllithium and water.",
331,RXNO:0000493,Bart reaction,aromatic substitution step,Reaction of an aromatic diazonium compound with an alklai arsenite in the presence of copper or silver to yield an aromatic arsonic acid.,
332,RXNO:0000391,Knorr pyrazole synthesis,pyrazole synthesis,"Synthesis of a pyrazole by condensation of a 1,3-dicarbonyl compound with a hydrazine, hydrazide, semicarbazide or aminoguanidine.",
333,RXNO:0000528,Bodroux reaction,functional group modification,Reaction of a carboxylic ester with a magnesium iodide alkylamide to yield a carboxamide.,
334,RXNO:0000164,Paal-Knorr pyrrole synthesis,pyrrole synthesis,"The cyclisation of a 1,4-dicarbonyl compound with an amine to give a pyrrole.",O=[C:1]-[C:2]-[C:3]-[C:4]=O.[N:5]>>[n:5]1[c:1][c:2][c:3][c:4]1
335,RXNO:0000055,Vilsmeier-Haack reaction,formylation,A formylation of an activated arene with a disubstituted formamide to give an aryl carboxaldehyde.,
336,RXNO:0000142,Sharpless asymmetric dihydroxylation,addition reaction step,"The dihydroxylation of an alkene to give an alpha,beta-diol, with control of absolute stereochemistry at the two new stereocentres. The oxidising agent is osmium tetroxide, which is used catalytically with a stoichiometric oxidant and a chiral ligand. The reagents are available commercially as AD-mix.",
337,RXNO:0000122,Baker-Venkataraman rearrangement,rearrangement step,"The base-catalysed rearrangement of an o-acetoxyacetophenone to give a hydroxyphenyl-1,3-diketone.",
338,RXNO:0000182,Kolbe-Schmitt reaction,carboxylation,The (predominantly ortho) carboxylation of a phenoxide.,
339,RXNO:0000269,alkyne-azide click reaction,"1,3-dipolar cycloaddition","A [3+2] cycloaddition reaction between an azide and an alkyne to give a 1,2,3-triazole, needing only heat to proceed.",
340,RXNO:0000120,Payne rearrangement,ring rearrangement,"A base-catalysed isomerisation of a 2,3-epoxyalcohol, with inversion of configuration at C2.",
341,RXNO:0000263,"[2,3]-aza-Wittig rearrangement",Wittig rearrangement,"A base-mediated 2,3-sigmatropic rearrangement of an activated tertiary allyl amine, to give a secondary homoallylic amine.",
342,RXNO:0000059,Pictet-Spengler reaction,condensation reaction,A condensation-cyclisation of a beta-phenethylamine with an aldehyde to give a tetrahydroisoquinoline.,
343,RXNO:0000007,ene reaction,molecular skeleton joining reaction,A joining reaction where an alkene with an allylic hydrogen reacts with a compound containing a multiple bond (an enophile) to form a substituted alkene.,[C:1]=[C:2][C:3][H:4].[*:5]=[*:6]>>[C:3]=[C:2][C:1][*:6]=[*:5][H:4]
344,RXNO:0000075,benzilic acid rearrangement,rearrangement step,"A rearrangement of a 1,2-diketone to an alpha-hydroxy carboxylic acid. It can also be applied to alpha-keto aldehydes. The first exmaple of this reaction was with benzil (PhC(=O)C(=O)Ph) to form benzilic acid, hence the name.",
345,RXNO:0000118,Sommelet reaction,functional group modification,The oxidation of a benzylic halide to give an aldehyde. The reaction uses hexamethylenetetramine.,
346,RXNO:0000301,Yamamoto polymerisation,polymerisation reaction,The nickel-catalysed carbon-carbon coupling of a dihaloaromatic compound or aromatic bistriflate to give a polymer.,
347,RXNO:0000149,Ireland-Claisen rearrangement,rearrangement step,"The enolisation and subsequent [3,3]-sigmatropic rearrangement of an allylic acetate to give a gamma,delta-unsaturated carboxylic acid.",
348,RXNO:0000228,Zemplen transesterification,functional group reduction,"The reduction of an ester to the corresponding alcohol, using sodium methoxide in dry methanol.",
349,RXNO:0000293,hydroboration-oxidation,addition reaction step,"The formal addition of water across a double bond of an alkene or alkyne by formation of an organoborane and in situ oxidation, typically with basic peroxide. The product is usually the less substituted alcohol.",
350,RXNO:0000311,Tsuji-Trost reaction,carbon-carbon coupling reaction,"A carbon-carbon coupling reaction in which a nucleophile reacts with an allyl acetate, allyl halide, allyl carbonate, allyl carbamate, allyl phosphate, allyl sulfone or allyl nitro compound to give an allyl compound. The reaction is catalsed by Pd(0).",
351,RXNO:0000223,Menshutkin reaction,N-alkylation,The alkylation of a tertiary amine with an alkyl halide to the corresponding ammonium salt.,
352,RXNO:0000066,Staudinger reaction,molecular skeleton joining reaction,A joining of an organic azide and a tertiary phosphine to give a phosphazo compound.,
353,RXNO:0000256,Dess-Martin oxidation,functional group oxidation,The oxidation of a primary alcohol to an aldehyde or a secondary alcohol to a ketone using the Dess-Martin periodinane.,
354,RXNO:0000181,Boyland-Sims oxidation,aromatic substitution step,The oxidation of an aromatic amine to give a (predominantly ortho) amino aryl sulfate using potassium persulfate followed by hydrolysis to yield the corresponding aminophenol.,
355,RXNO:0000153,Johnson-Claisen rearrangement,"[3,3]-sigmatropic rearrangement","The coupling and subsequent [3,3]-sigmatropic rearrangement of an allylic alcohol and trimethyl orthoacetate to give a gamma,delta-unsaturated alkyl ester.",
356,RXNO:0000310,oxa-Diels-Alder reaction,hetero-Diels-Alder reaction,A Diels-Alder reaction between a diene and an aldehyde or ketone to give a six-membered oxygen-containing ring compound.,
357,RXNO:0000257,Criegee oxidation,alkene oxidative cleavage,"The oxidative cleavage of an alpha,beta-diol using lead tetraacetate to give the corresponding carbonyl compounds.",
358,RXNO:0000390,Seyferth-Gilbert-Bestmann homologation,Seyferth-Gilbert aldehyde homologation,Seyferth-Gilbert aldehyde homologation where the Seyferth-Gilbert reagent is generated in situ by reaction with methanol and potassium carbonate.,
359,RXNO:0000107,malonic ester synthesis,molecular skeleton joining reaction,"A carbon-carbon coupling reaction between a dialkyl malonate and an alkyl halide, to give a substituted acetic acid. The base/R'X treatment can be repeated to give a disubstituted product.",
360,RXNO:0000182,Kolbe-Schmitt reaction,carbon-carbon coupling reaction,The (predominantly ortho) carboxylation of a phenoxide.,
361,RXNO:0000288,Rosenmund-von Braun reaction,carbon-carbon coupling reaction,A carbon-carbon coupling reaction where an aryl halide reacts with copper(I) cyanide to give an aryl nitrile.,"[c:1][F,Cl,Br,I].[Cu][C:2]#[N:3]>>[c:1][C:2]#[N:3]"
362,RXNO:0000136,Rosenmund reduction,functional group reduction,"The hydrogenolysis of an acyl halide to the corresponding aldehyde, catalysed by palladium-on-barium sulfate.",
363,RXNO:0000303,photohydrosilylation,hydrosilylation,"The photochemically induced addition of a hydrosilane across the double bond of an alkene or alkyne to give a more substituted silane, usually applied to cases where the hydrosilane is part of a silicon surface. The reaction uses UV irradiation and is usually initiated by an added photoactive compound such as a platinum catalyst.",
364,RXNO:0000063,Arndt-Eistert reaction,molecular skeleton insertion reaction,A homologation reaction of a carboxylic acid to give the homologated carboxylic acid via acyl chloride and diazoketone intermediates.,[#6:1]C(=O)O>>[#6:1][CH2]C(=O)O
365,RXNO:0000177,Kharasch reaction,chain lengthening,"The transfer of a hydrogen or halogen atom from a haloalkane to an alkene, giving the chain-extended halogenated alkane.",
366,RXNO:0000116,"Nicholas reaction, nucleophilic carbon centre",Nicholas reaction,"The reaction of a propargylic cation (stabilised with dicobalt octacarbonyl) with a nucleophilic carbon centre (on e.g. enolates, allyl silanes, ketones, electron-rich aromatics, beta-dicarbonyl compounds) to give a substituted alkyne.",
367,RXNO:0000224,Strecker degradation,end-of-chain chain shortening,"The deamination and decarboxylation of amino acids to imines and then to aldehydes or ketones, in the presence of a carbonyl compound (especially an alpha,beta-dicarbonyl compound or a reducing sugar such as glucose). The reaction is involved in the generation of meat aromas/flavours in cooking.",
368,RXNO:0000478,Still-Gennari modification,Horner-Wadsworth-Emmons reaction,A Horner-Wadsworth-Emmons reaction that uses phosphonates with electron-withdrawing groups and dissociating conditions to produce predominantly Z-olefins.,
369,RXNO:0000357,N-acylation to amide,N-acylation,An acylation reaction where a nitrogen atom is acylated to form an amide.,
370,RXNO:0000510,Benkeser reduction,hydrogenation,Addition of hydrogen atoms to unsaturated rings by means of alkali metals in low-molecular weight amines.,
371,RXNO:0000127,Balz-Schiemann reaction,aromatic substitution step,The conversion of an aromatic amine to the corresponding fluoride via the diazonium fluoroborate.,
372,RXNO:0000139,Gattermann reaction,formylation,The formylation of an arene with hydrogen cyanide to give an aryl aldehyde or ketone.,
373,RXNO:0000138,benzoin condensation,molecular skeleton joining reaction,A reaction between two aromatic aldehydes to give a benzoin (an alpha-hydroxyketone).,
374,RXNO:0000257,Criegee oxidation,cleaving reaction,"The oxidative cleavage of an alpha,beta-diol using lead tetraacetate to give the corresponding carbonyl compounds.",
375,RXNO:0000360,O-acylation to ester,O-acylation,An O-acylation reaction where an oxygen centre is acylated to result in an ester.,
376,RXNO:0000129,Ugi reaction,molecular dehydration reaction,"Reaction of a ketone or aldehyde, amine, an isocyanide and carboxylic acid to form a bisamide.",
377,RXNO:0000167,Fischer-Speier esterification,substitution step,The esterification of a carboxylic acid with an alcohol. Various Lewis acids or Bronsted acids may be used as catalyst.,
378,RXNO:0000116,"Nicholas reaction, nucleophilic carbon centre",carbon-carbon coupling reaction,"The reaction of a propargylic cation (stabilised with dicobalt octacarbonyl) with a nucleophilic carbon centre (on e.g. enolates, allyl silanes, ketones, electron-rich aromatics, beta-dicarbonyl compounds) to give a substituted alkyne.",
379,RXNO:0000042,Birch reduction,addition reaction step,Addition of hydrogen atoms to aromatic rings by means of alkali metals in liquid ammonia.,
380,RXNO:0000217,"Sakurai reaction, epoxide",Sakurai reaction,A ring-breaking reaction in which an epoxide reacts with allyltrimethylsilane to form a hydroxy alkene.,
381,RXNO:0000191,Nozaki-Hiyama-Kishi reaction,molecular skeleton joining reaction,"A coupling reaction of an aldehyde to an allyl, vinyl or aryl halide or triflate in the presence of chromium(II). It is catalysed by nickel.",
382,RXNO:0000414,haloethanoate ester-aldehyde Darzens reaction,Darzens reaction,A coupling of an aldehyde with an alpha-haloethanoate ester to form the next homologous aldehyde.,
383,RXNO:0000152,Eschenmoser-Claisen rearrangement,joining with rearrangement,"The coupling and subsequent [3,3]-sigmatropic rearrangement of an allylic alcohol and alpha,alpha-dialkoxy ethylamine to give a gamma,delta-unsaturated dialkyl amide.",
384,RXNO:0000327,benzylamine deprotection,hydrogenation,An amino group deprotection reaction where a benzylamine group is removed by hydrogenation.,
385,RXNO:0000487,molecular skeleton insertion objective,molecular skeleton joining objective,A molecular skeleton joining objective that is satisfied by a reaction in which one or more atoms are added to the middle of a chain.,
386,RXNO:0000485,protection objective,functional modification objective,A functional modification objective that is satisfied by protecting some functional group.,
387,RXNO:0000407,Appel iodination,Appel halogenation,Conversion of an alcohol to an alkyl iodide with triphenylphosphine and tetraiodomethane.,
388,RXNO:0000185,Willgerodt reaction,functional group modification,The conversion of an aryl alkyl ketone to an amide and/or an ammonium salt of a carboxylic acid using ammonium polysulfide. The carbonyl group of the product is always at the end of the alkyl chain.,
389,RXNO:0000279,"1,4-hydrovinylation",hydrovinylation,"The reaction of a 1,3-diene with an alkene to give a 1,4-diene, usually employing a cobalt-based catalyst (see Hilt and Luers, Synthesis, 2002, 609).",
390,RXNO:0000382,Demjanov rearrangement,rearrangement step,Substitution reaction of a primary amine via deazotisation to yield a mixture of the corresponding primary alcohol and secondary alcohol.,
391,RXNO:0000396,Larock indole synthesis,indole synthesis,"Palladium-catalysed synthesis of a 2,3-substituted indole by reaction of an ortho-iodoaniline with an internal alkyne.",
392,RXNO:0000068,semidine rearrangement,extrusion reaction,A rearrangement of a p-substituted hydrazobenzene to give a p-aminodiphenylamine.,
393,RXNO:0000083,Paternò–Büchi reaction,[2+2] cycloaddition,A photochemical cycloaddition between an aldehyde or ketone and an alkene to give an oxetane.,[C:1]=[O:2].[C:3]=[C:4]>>[C:1]1[O:2][C:3][C:4]1
394,RXNO:0000299,Vorbrueggen condensation,molecular skeleton joining reaction,The substitution of an acylated sugar with a silylated base to give a nucleoside.,
395,RXNO:0000513,Mumm rearrangement,rearrangement step,Rearrangement of an acyl imidate to form a carboximide.,[C:1][N:2]=[C:3]([C:4])[O:5][C:6](=[O:7])[C:8]>>[C:4][C:3](=[O:5])[N:2]([C:1])[C:6](=[O:7])[C:8]
396,RXNO:0000111,Grob fragmentation,fragmentation reaction,"The fragmentation of a molecule that takes place when an electron-donating fragment (X) and an electron-accepting fragment (X') are situated at positions 1 and 3 on an aliphatic chain, to give a cationic fragment, a neutral fragment (e.g. an alkene) and an anionic fragment.",
397,RXNO:0000067,benzidine rearrangement,extrusion reaction,A rearrangement of a hydrazobenzene to give a diaminobiphenyl compound.,
398,RXNO:0000040,Ullmann reaction,carbon-carbon homocoupling reaction,A carbon-carbon homocoupling reaction of an aryl halide mediated by copper.,
399,RXNO:0000384,cyclic alpha-haloketone Favorskii rearrangement,Favorskii rearrangement,Base-catalysed rearrangement of a cyclic alpha-haloketone to the ring-contracted cyclic carboxylic acid.,
400,RXNO:0000552,Leuckart aldehyde reaction,Leuckart reaction,Reductive amination of an aldehyde with ammonium formate or formamide to form an amine.,
401,RXNO:0000162,Paal-Knorr furan synthesis,oxacycle synthesis,"The cyclisation of a 1,4-dicarbonyl compound with an acid catalyst to give a furan.",O=[C:1]-[C:2]-[C:3]-[C:4]=O>>o1[c:1][c:2][c:3][c:4]1
402,RXNO:0000071,Edman degradation,terminal amino-acid residue cleaving reaction,"A cleaving reaction in which a peptide is treated with phenylisothiocyanate, removing the terminal amino acid group, to form the chain-shortened amine and a phenylthiohydantoin.",
403,RXNO:0000362,nitrile alcoholysis,oxidation,An oxidation reaction where a nitrile reacts with an alcohol to form an alkyl imidate.,
404,RXNO:0000281,alkyne metathesis,multiple-bond metathesis,"A joining reaction in which two carbon-carbon triple bonds are redistributed among two fragments, i.e. two alkynes. It is catalysed by a metal carbenoid, and proceeds via two four-membered intermediates (metallacyclobutenes). The reaction is driven by release of a low-MW alkyne.",
405,RXNO:0000526,Chichibabin pyridine synthesis,pyridine synthesis,Reaction of carbonyl compounds with ammonia or an amine to yield a pyridine.,
406,RXNO:0000276,Aufbau reaction,polymerisation reaction,"The insertion of alkenes (usually ethene) into the Al-C bond of an aluminium alkyl, to give a long-chain aluminium alkyl that can go on to react again, or can decompose into the corresponding terminal alkene. The addition of transition metals results in reliable production of high molecular weight polymers.",
407,RXNO:0000365,carboxylic acid to acid chloride conversion,functional group modification,A functional group modification where a carboxylic acid is converted to an acid chloride.,
408,RXNO:0000312,Clauson-Kaas reaction,ring rearrangement,"A ring rearrangement reaction where an amine reacts with a 2,5-dialkoxytetrahydrofuran to give a pyrrole.",
409,RXNO:0000305,seleno-Pummerer rearrangement,Pummerer rearrangement,The conversion of a selenoxide with an alpha-hydrogen to an alpha-subtituted selenoether.,
410,RXNO:0000287,Lindgren oxidation,functional group oxidation,The oxidation of an aldehyde to a carboxylic acid with chlorite.,
411,RXNO:0000250,Fritsch-Buttenberg-Wiechell rearrangement,rearrangement step,"The rearrangement of a 2-bromoalkene into an alkyne, mediated by strong base.",
412,RXNO:0000322,benzylamine protection,amino group protection,An amino group protection where the amino nitrogen atom is protected by reaction with benzylamine.,
413,RXNO:0000333,Sandmeyer halogenation,Sandmeyer reaction,An aromatic substitution reaction where an aryl diazonium salt reacts with a copper(I) halide to form an aromatic halide.,
414,RXNO:0000468,molecular substitution objective,functional modification objective,"A molecular transformation objective that is satisfied by a reaction in which one singly-bonded substituent, but not a hydrogen, is replaced by another singly-bonded substituent.",
415,RXNO:0000297,hydrotelluration,hydrometallation,"The reaction of a organotellurium hydride with an alkyne, to give a (usually (Z)-configured) vinyltellurium species.",
416,RXNO:0000291,hydroamination,addition reaction step,"The addition of the N-H bond of an amine across a double bond of an alkene or alkyne, to give a more substituted amine.",
417,RXNO:0000044,Knoevenagel condensation,decarboxylative condensation,A carbon-carbon coupling reaction of an aldehyde and a methylene compound.,
418,RXNO:0000421,Gattermann chlorination,Gattermann halogenation,A Gattermann halogenation where the aryl diazonium salt reacts with copper powder and hydrochloric acid to yield an aromatic chloride.,
419,RXNO:0000196,"Stevens rearrangement, sulfonium",Stevens rearrangement,"The 1,2-rearrangement of an alpha-methylene sulfonium salt to a sulfide in the presence of strong base.",
420,RXNO:0000467,Algar-Flynn-Oyamada reaction,oxacycle synthesis,A fused-ring-system formation reaction where a flavonol is produced by oxidation of a chalcone with alkaline hydrogen peroxide.,
421,RXNO:0000051,Wolff rearrangement,rearrangement step,"A rearrangement of a diazoketone to give a ketene, with the elimination of molecular nitrogen.",
422,RXNO:0000254,MacDonald condensation,fused-ring-system formation,"The reaction between a 1,9-diformyldipyrromethane and a dipyrromethane to give a porphodimethene.",
423,RXNO:0000151,Bellus-Claisen rearrangement,"[3,3]-sigmatropic rearrangement","The coupling and subsequent [3,3]-sigmatropic rearrangement of an allylic ether or allylic thioether or allylic amine and a ketene to give the corresponding gamma,delta-unsaturated carbonyl compound.",
424,RXNO:0000379,intermolecular Scholl reaction,molecular skeleton joining reaction,Scholl reaction between two aromatic molecules to form a single molecule.,
425,RXNO:0000058,Ritter reaction,functional group modification,"A reaction between an alcohol or alkene and a nitrile to give an amide, catalysed by a Bronsted acid.",
426,RXNO:0000554,Appel bromination with tetrabromomethane,Appel bromination,Conversion of an alcohol to an alkyl bromide with triphenylphosphine and tetrabromomethane.,
427,RXNO:0000014,Grignard reaction,molecular skeleton joining reaction,"A carbon-carbon coupling reaction where a Grignard reagent reacts with a compound containing an electrophilic carbon atom. A Grignard reagent is a magnesium-stabilised carbon nucleophile. An aldehyde leads to a secondary alcohol, a ketone leads to a tertiary alcohol, an ester leads to a ketone and a nitrile leads to a ketone.",
428,RXNO:0000141,Sharpless asymmetric epoxidation,oxacycle synthesis,"The epoxidation of an allylic alcohol to give a beta,gamma-epoxy alcohol, with control of absolute stereochemistry at the two new stereocentres. The oxidising agent is tert-butyl hydroperoxide, and the catalyst is a complex of titanium salt and optically active diethyl tartrate.",
429,RXNO:0000047,Oppenauer oxidation,functional group oxidation,"An oxidation of a secondary alcohol to a ketone involving an equilibrium between the alcohol and a reagent ketone present in excess, catalysed by a metal alkoxide.",
430,RXNO:0000480,Tebbe olefination,olefination,Reaction of an aldehyde or ketone or carboxylic ester or amide with the Tebbe reagent to yield an olefin or an enol ether or an enamine.,
431,RXNO:0000413,Zincke nitration,aromatic substitution step,Substitution of phenol ortho- or para-bromo or iodo groups by a nitro group on treatment with nitrous acid or a nitrite in acetic acid.,
432,RXNO:0000359,N-acylation to carbamate,N-acylation,An N-acylation reaction where a nitrogen centre is acylated to form a carbamate.,
433,RXNO:0000251,Stork-Wittig olefination,olefination,A carbon-carbon coupling reaction where an aldehyde reacts with a phosphonium salt to give a Z-iodoalkene. The reaction is mediated by sodium or potassium hexamethyldisilazide.,
434,RXNO:0000449,molecular ring breaking objective,molecular transformation objective,A molecular skeleton transformation objective that is satisfied by a reaction where the product has fewer rings than the reactants.,
435,RXNO:0000028,Cope rearrangement,"[3,3]-sigmatropic rearrangement","A [3,3]-sigmatropic rearrangement where a 1,5-hexadiene rearranges to form a 1,5-hexadiene.",
436,RXNO:0000544,Saegusa oxidation,molecular skeleton elimination reaction,"Reaction of silyl enol ethers with palladium acetate in acetonitrile to yield an alpha,beta-unsaturated ketone.",
437,RXNO:0000496,Barton-Zard reaction,pyrrole synthesis,Reaction of a nitroalkene with an alpha-isocyanoacetate to yield a substituted pyrrole.,
438,RXNO:0000137,Sonogashira coupling,palladium-catalysed carbon-carbon coupling reaction,A carbon-carbon coupling reaction where a terminal alkyne reacts with an aryl halide to give an aryl alkyne. It is catalysed by palladium.,
439,RXNO:0000222,Polonovski-Potier reaction,Polonovski reaction,"The reaction of a tertiary amine oxide with trifluoroacetic anhydride to give an N,N-disubstituted acetamide and an aldehyde.",
440,RXNO:0000200,1-aza-Cope rearrangement,aza-Cope rearrangement,"The rearrangement of a delta,epsilon-unsaturated imine to form a 3-aza-1,5-hexadiene.",
441,RXNO:0000328,silyl protection,O-silylation,A hydroxyl group protection where the hydroxyl oxygen atom is protected by formation of a silyl ether.,
442,RXNO:0000098,Glaser coupling,molecular skeleton joining reaction,A coupling reaction between two molecules of a terminal alkyne catalysed by Cu(I) salts.,
443,RXNO:0000292,hydroboration,addition reaction step,The addition of a boron hydride across a double bond of an alkene or alkyne. The boron usually adds to the less substituted carbon.,
444,RXNO:0000376,Eschweiler-Clarke methylation,functional group oxidation,N-methylation of a primary or secondary amine with formic acid and formaldehyde to yield a tertiary amine.,
445,RXNO:0000378,intramolecular Scholl reaction,ring formation reaction step,Scholl reaction within a single molecule to form a larger ring system.,
446,RXNO:0000339,alkene reduction to alkane,hydrogenation,A hydrogenation reaction where an alkene is reduced to an alkane.,
447,RXNO:0000137,Sonogashira coupling,molecular skeleton joining reaction,A carbon-carbon coupling reaction where a terminal alkyne reacts with an aryl halide to give an aryl alkyne. It is catalysed by palladium.,
448,RXNO:0000491,interrupted Nazarov cyclisation,ring formation reaction step,"Cyclisation of a propargyl alpha,beta-unsaturated ketone where the reactant rearranges to an allenyl vinyl ketone, followed by a Nazarov cyclisation in which a nucleophile 'intercepts' the intermediate carbocation to yield a cyclopentenone substituted at the alpha position opposite the double bond.",
449,RXNO:0000207,Strecker reaction,chain lengthening,"An addition reaction between a carbonyl compound, an inorganic cyanide and an ammonium salt, followed by hydrolysis, to give an alpha-amino carboxylic acid.",
450,RXNO:0000446,para-Fries rearrangement,Fries rearrangement,Rearrangement of the acyl group in a phenolate ester to the para-position.,
451,RXNO:0000490,functional oxidation objective,functional group modification objective,A functional group modification objective that is satisfied by a reaction in which a functional group is oxidised.,
452,RXNO:0000422,Gattermann bromination,Gattermann halogenation,A Gattermann halogenation where the aryl diazonium salt reacts with copper powder and hydrobromic acid to yield an aromatic bromide.,
453,RXNO:0000211,Tamao oxidation,substitution step,The stereospecific oxidation of a (halosilyl)alkane to the corresponding alcohol using potassium fluoride and hydrogen peroxide.,
454,RXNO:0000149,Ireland-Claisen rearrangement,"[3,3]-sigmatropic rearrangement","The enolisation and subsequent [3,3]-sigmatropic rearrangement of an allylic acetate to give a gamma,delta-unsaturated carboxylic acid.",
455,RXNO:0000372,heteroaryl N-arylation,N-arylation,An N-arylation reaction where the reactive centre is an azacycle ring nitrogen.,
456,RXNO:0000154,Swern oxidation,alcohol oxidation,The oxidation of a primary alcohol or secondary alcohol to an aldehyde or ketone respectively. Does not work with allylic or benzylic alcohols.,
457,RXNO:0000239,metalla-aza-Claisen rearrangement,rearrangement step,"The rearrangement of a 3-aza-4-metalla-1,5-hexadiene to form a delta,epsilon-unsaturated metallaimine.",
458,RXNO:0000158,Japp-Klingemann reaction,cleaving reaction,The reaction of a doubly activated methylene compound that has at least one carbonyl substituent with an aryl azide to give a hydrazone. Usually there is concomitant cleaving and oxidation of one of the carbonyl substituents.,
459,RXNO:0000379,intermolecular Scholl reaction,Scholl reaction,Scholl reaction between two aromatic molecules to form a single molecule.,
460,RXNO:0000463,molecular fragmentation objective,molecular skeleton cleaving objective,A molecular transformation objective that is satisfied by a reaction in which the parent molecule breaks up into three or more products.,
461,RXNO:0000537,Quelet reaction,functional group addition step,Reaction of an aliphatic aldehyde with a phenolic ether and hydrochloric acid to yield an alpha-chloroalkylphenolic ether.,
462,RXNO:0000045,Friedel-Crafts acylation,Friedel-Crafts reaction,A carbon-carbon coupling reaction between an arene and a carbonyl compound (usually an acyl halide) to give an aryl ketone. The reaction is catalysed by a Lewis acid.,[c:1].[C:2]=[O:3]>>[c:1][C:2]=[O:3]
463,RXNO:0000337,nitro reduction to amine,functional group modification,A reduction reaction where a nitro group is reduced to an amino group.,[N:1](=O)O>>[N&X3;H2:1]
464,RXNO:0000053,Bischler-Napieralski reaction,fused-ring-system formation,"A cyclodehydration of a beta-phenethylamide to give a 3,4-dihydroisoquinoline.",
465,RXNO:0000141,Sharpless asymmetric epoxidation,epoxidation,"The epoxidation of an allylic alcohol to give a beta,gamma-epoxy alcohol, with control of absolute stereochemistry at the two new stereocentres. The oxidising agent is tert-butyl hydroperoxide, and the catalyst is a complex of titanium salt and optically active diethyl tartrate.",
466,RXNO:0000523,Bischler-Möhlau indole synthesis,indole synthesis,Reaction of a terminal hydroxyketone or terminal halogenoketone with an aromatic amine to yield a 2-substituted indole.,
467,RXNO:0000300,thiol-ene reaction,molecular skeleton joining reaction,The addition of a thiol across the double bond of an alkene to give a thioether.,
468,RXNO:0000441,molecular rearrangement objective,molecular transformation objective,A molecular transformation specification that specifies that the number of rings and number of skeletal atoms should be preserved and that one or more atoms or groups of atoms move from one atom to another.,
469,RXNO:0000415,haloethanoate ester-ketone Darzens reaction,Darzens reaction,A coupling of a ketone with an alpha-haloethanoate ester to replace the oxo group with a formyl group.,
470,RXNO:0000223,Menshutkin reaction,functional group oxidation,The alkylation of a tertiary amine with an alkyl halide to the corresponding ammonium salt.,
471,RXNO:0000471,Allan-Robinson isoflavone synthesis,Allan-Robinson reaction,Reaction of ortho-hydroxyaryl ketones with aromatic carboxylic acid anhydrides to yield an isoflavone.,
472,RXNO:0000464,Pauson-Khand reaction,[2+2+1] cycloaddition,"A [2+2+1] cycloaddition between an alkyne, an alkene and carbon monoxide to form an alpha-beta-unsaturated cyclopentenone.",
473,RXNO:0000208,aromatic Claisen rearrangement,rearrangement step,"The [3,3]-sigmatropic rearrangement, and subsequent re-aromatisation, of an allyl aryl ether to give an ortho-allyl phenol.",
474,RXNO:0000411,Hofmann reaction,end-of-chain chain shortening,Conversion of a primary carboxylic amide to the lower homologue primary amine. The first step is the Hofmann rearrangement,
475,RXNO:0000506,Nef synthesis,molecular skeleton joining reaction,Reaction of an aldehyde or ketone with a sodium acetylide to yield a propargyl alcohol.,
476,RXNO:0000426,aldehyde Barbier reaction,Barbier reaction,A joining reaction between an aldehyde and an alkyl halide or aryl halide or vinyl halide or allyl halide in the presence of metal to give a secondary alcohol.,
477,RXNO:0000253,Cadogan coupling,carbon-carbon coupling reaction,The arylation of an arylamine mediated by isopentyl nitrite.,
478,RXNO:0000391,Knorr pyrazole synthesis,molecular dehydration reaction,"Synthesis of a pyrazole by condensation of a 1,3-dicarbonyl compound with a hydrazine, hydrazide, semicarbazide or aminoguanidine.",
479,RXNO:0000029,oxy-Cope rearrangement,"[3,3]-sigmatropic rearrangement","A [3,3]-sigmatropic rearrangement of a 3-hydroxy-1,5-hexadiene rearranges to form a 5,6-unsaturated carbonyl compound.",
480,RXNO:0000384,cyclic alpha-haloketone Favorskii rearrangement,ring contraction,Base-catalysed rearrangement of a cyclic alpha-haloketone to the ring-contracted cyclic carboxylic acid.,
481,RXNO:0000374,Chan-Lam coupling,arylation,"Arylation of an amine or an alcohol with an arylboronic acid, stannane or siloxane in air with a copper acetate catalyst.",
482,RXNO:0000435,methyl ester deprotection,carboxy group deprotection,A deprotection reaction where the reactant is a methyl ester and the product is a carboxylic acid.,
483,RXNO:0000538,Chugaev reaction,molecular skeleton elimination reaction,Elimination of a water molecule from a secondary alcohol to yield an olefin.,
484,RXNO:0000255,Zweifel diene synthesis,carbon-carbon homocoupling reaction,The carbon-carbon homocoupling reaction of a pair of alkyne molecules using a borane and iodine. The reaction proceeds via a borane intermediate.,
485,RXNO:0000380,Robinson annulation,fused-ring-system formation,Reaction of a cyclohexanone with methyl vinyl ketone to form a fused-ring cyclohexenone. It is a Michael reaction followed by an intramolecular aldol condensation.,
486,RXNO:0000532,Borsche-Drechsel cyclisation,carbazole synthesis,Rearrangement of a cyclohexanone phenylhydrazone followed by oxidation to yield a carbazole.,
487,RXNO:0000353,alcohol oxidation to carboxylic acid,alcohol oxidation,An alcohol oxidation where the alcohol centre is replaced with a carboxy group.,
488,RXNO:0000404,oxa-Pictet-Spengler reaction,condensation reaction,"Cyclisation-condensation of a beta-arylethanol with an aldehyde to yield an ortho-,peri-fused aryl-oxacycle.",
489,RXNO:0000541,palladium-catalysed Kumada coupling,Kumada coupling,A cross-coupling reaction between a Grignard reagent and an activated (aryl or vinyl) halide or triflate. The reaction is catalysed by a palladium catalyst.,
490,RXNO:0000173,"Schmidt rearrangement, alkene",molecular skeleton insertion reaction,The reaction of an alkene with hydrazoic acid with rearrangement to form an imide.,
491,RXNO:0000151,Bellus-Claisen rearrangement,joining with rearrangement,"The coupling and subsequent [3,3]-sigmatropic rearrangement of an allylic ether or allylic thioether or allylic amine and a ketene to give the corresponding gamma,delta-unsaturated carbonyl compound.",
492,RXNO:0000237,Blaise reaction,carbon-carbon coupling reaction,"The coupling of an alpha-bromo ester with a nitrile to give a beta-ketoester, in the presence of zinc.",
493,RXNO:0000089,Meerwein-Ponndorf-Verley reduction,functional group reduction,"A reduction of an aldehyde or ketone to an alcohol involving an equilibrium between the aldehyde or ketone and a reagent alcohol present in excess, catalysed by a metal alkoxide. This reaction is the reverse of the Oppenauer oxidation (RXNO:0000047).",
494,RXNO:0000486,molecular skeleton elimination objective,functional modification objective,"A functional modification objective that is satisfied by a reaction in which two or more groups of atoms are removed from the molecule, resulting in a change of skeletal bond order.",
